model_number,product_name,category_id,supplie_id,size,age_type,selling_price,cost_price,packet_qty,color,barcode,warehouse_code,quantity
3600,بنطال كلاسيك,2,1,4,سنة,4,,4,أزرق فاتح,,RET-WH-01,6
3600,بنطال كلاسيك,2,1,3,سنة,4,,4,أزرق فاتح,,RET-WH-01,6
3600,بنطال كلاسيك,2,1,2,سنة,4,,4,أزرق فاتح,,RET-WH-01,6
3600,بنطال كلاسيك,2,1,1,سنة,4,,4,أزرق فاتح,,RET-WH-01,6
3600,بنطال كلاسيك,2,1,8,سنة,4.5,,4,أزرق فاتح,,RET-WH-01,3
3600,بنطال كلاسيك,2,1,7,سنة,4.5,,4,أزرق فاتح,,RET-WH-01,3
3600,بنطال كلاسيك,2,1,6,سنة,4.5,,4,أزرق فاتح,,RET-WH-01,3
3600,بنطال كلاسيك,2,1,5,سنة,4.5,,4,أزرق فاتح,,RET-WH-01,3
3600,بنطال كلاسيك,2,1,12,سنة,5,,4,أزرق فاتح,,RET-WH-01,3
3600,بنطال كلاسيك,2,1,11,سنة,5,,4,أزرق فاتح,,RET-WH-01,3
3600,بنطال كلاسيك,2,1,10,سنة,5,,4,أزرق فاتح,,RET-WH-01,3
3600,بنطال كلاسيك,2,1,9,سنة,5,,4,أزرق فاتح,,RET-WH-01,3
3600,بنطال كلاسيك,2,1,16,سنة,5.5,,4,أسود,,RET-WH-01,8
3600,بنطال كلاسيك,2,1,15,سنة,5.5,,4,أسود,,RET-WH-01,8
3600,بنطال كلاسيك,2,1,14,سنة,5.5,,4,أسود,,RET-WH-01,8
3600,بنطال كلاسيك,2,1,13,سنة,5.5,,4,أسود,,RET-WH-01,8
3600,بنطال كلاسيك,2,1,16,سنة,5.5,,4,أزرق فاتح,,RET-WH-01,5
3600,بنطال كلاسيك,2,1,15,سنة,5.5,,4,أزرق فاتح,,RET-WH-01,5
3600,بنطال كلاسيك,2,1,14,سنة,5.5,,4,أزرق فاتح,,RET-WH-01,5
3600,بنطال كلاسيك,2,1,13,سنة,5.5,,4,أزرق فاتح,,RET-WH-01,5
3600,بنطال كلاسيك,2,1,16,سنة,5.5,,4,أزرق داكن,,RET-WH-01,6
3600,بنطال كلاسيك,2,1,15,سنة,5.5,,4,أزرق داكن,,RET-WH-01,6
3600,بنطال كلاسيك,2,1,14,سنة,5.5,,4,أزرق داكن,,RET-WH-01,6
3600,بنطال كلاسيك,2,1,13,سنة,5.5,,4,أزرق داكن,,RET-WH-01,6
3601,بنطال كلاسيك,2,1,4,سنة,4,,4,أزرق فاتح,,RET-WH-01,9
3601,بنطال كلاسيك,2,1,3,سنة,4,,4,أزرق فاتح,,RET-WH-01,9
3601,بنطال كلاسيك,2,1,2,سنة,4,,4,أزرق فاتح,,RET-WH-01,9
3601,بنطال كلاسيك,2,1,1,سنة,4,,4,أزرق فاتح,,RET-WH-01,9
3601,بنطال كلاسيك,2,1,8,سنة,4.5,,4,أزرق فاتح,,RET-WH-01,3
3601,بنطال كلاسيك,2,1,7,سنة,4.5,,4,أزرق فاتح,,RET-WH-01,3
3601,بنطال كلاسيك,2,1,6,سنة,4.5,,4,أزرق فاتح,,RET-WH-01,3
3601,بنطال كلاسيك,2,1,5,سنة,4.5,,4,أزرق فاتح,,RET-WH-01,3
3601,بنطال كلاسيك,2,1,12,سنة,5,,4,أزرق فاتح,,RET-WH-01,9
3601,بنطال كلاسيك,2,1,11,سنة,5,,4,أزرق فاتح,,RET-WH-01,9
3601,بنطال كلاسيك,2,1,10,سنة,5,,4,أزرق فاتح,,RET-WH-01,9
3601,بنطال كلاسيك,2,1,9,سنة,5,,4,أزرق فاتح,,RET-WH-01,9
3601,بنطال كلاسيك,2,1,16,سنة,5.5,,4,أسود,,RET-WH-01,2
3601,بنطال كلاسيك,2,1,15,سنة,5.5,,4,أسود,,RET-WH-01,2
3601,بنطال كلاسيك,2,1,14,سنة,5.5,,4,أسود,,RET-WH-01,2
3601,بنطال كلاسيك,2,1,13,سنة,5.5,,4,أسود,,RET-WH-01,2
3601,بنطال كلاسيك,2,1,16,سنة,5.5,,4,أزرق فاتح,,RET-WH-01,10
3601,بنطال كلاسيك,2,1,15,سنة,5.5,,4,أزرق فاتح,,RET-WH-01,10
3601,بنطال كلاسيك,2,1,14,سنة,5.5,,4,أزرق فاتح,,RET-WH-01,10
3601,بنطال كلاسيك,2,1,13,سنة,5.5,,4,أزرق فاتح,,RET-WH-01,10
3601,بنطال كلاسيك,2,1,16,سنة,5.5,,4,أزرق داكن,,RET-WH-01,1
3601,بنطال كلاسيك,2,1,15,سنة,5.5,,4,أزرق داكن,,RET-WH-01,1
3601,بنطال كلاسيك,2,1,14,سنة,5.5,,4,أزرق داكن,,RET-WH-01,1
3601,بنطال كلاسيك,2,1,13,سنة,5.5,,4,أزرق داكن,,RET-WH-01,1
1022,بنطال كلاسيك,2,1,8,سنة,4.5,,4,أزرق داكن,,RET-WH-01,1
1022,بنطال كلاسيك,2,1,7,سنة,4.5,,4,أزرق داكن,,RET-WH-01,1
1022,بنطال كلاسيك,2,1,6,سنة,4.5,,4,أزرق داكن,,RET-WH-01,1
1022,بنطال كلاسيك,2,1,5,سنة,4.5,,4,أزرق داكن,,RET-WH-01,1
1022,بنطال كلاسيك,2,1,12,سنة,5,,4,أسود,,RET-WH-01,1
1022,بنطال كلاسيك,2,1,11,سنة,5,,4,أسود,,RET-WH-01,1
1022,بنطال كلاسيك,2,1,10,سنة,5,,4,أسود,,RET-WH-01,1
1022,بنطال كلاسيك,2,1,9,سنة,5,,4,أسود,,RET-WH-01,1
1022,بنطال كلاسيك,2,1,12,سنة,5,,4,أزرق فاتح,,RET-WH-01,1
1022,بنطال كلاسيك,2,1,11,سنة,5,,4,أزرق فاتح,,RET-WH-01,1
1022,بنطال كلاسيك,2,1,10,سنة,5,,4,أزرق فاتح,,RET-WH-01,1
1022,بنطال كلاسيك,2,1,9,سنة,5,,4,أزرق فاتح,,RET-WH-01,1
1022,بنطال كلاسيك,2,1,12,سنة,5,,4,أزرق داكن,,RET-WH-01,1
1022,بنطال كلاسيك,2,1,11,سنة,5,,4,أزرق داكن,,RET-WH-01,1
1022,بنطال كلاسيك,2,1,10,سنة,5,,4,أزرق داكن,,RET-WH-01,1
1022,بنطال كلاسيك,2,1,9,سنة,5,,4,أزرق داكن,,RET-WH-01,1
1022,بنطال كلاسيك,2,1,16,سنة,5.5,,4,أزرق داكن,,RET-WH-01,1
1022,بنطال كلاسيك,2,1,15,سنة,5.5,,4,أزرق داكن,,RET-WH-01,1
1022,بنطال كلاسيك,2,1,14,سنة,5.5,,4,أزرق داكن,,RET-WH-01,1
1022,بنطال كلاسيك,2,1,13,سنة,5.5,,4,أزرق داكن,,RET-WH-01,1
1058,بنطال مطاط كلاسيك,2,1,4,سنة,4.5,,4,أسود,,RET-WH-01,1
1058,بنطال مطاط كلاسيك,2,1,3,سنة,4.5,,4,أسود,,RET-WH-01,1
1058,بنطال مطاط كلاسيك,2,1,2,سنة,4.5,,4,أسود,,RET-WH-01,1
1058,بنطال مطاط كلاسيك,2,1,1,سنة,4.5,,4,أسود,,RET-WH-01,1
1058,بنطال مطاط كلاسيك,2,1,4,سنة,4.5,,4,أزرق وسط,,RET-WH-01,2
1058,بنطال مطاط كلاسيك,2,1,3,سنة,4.5,,4,أزرق وسط,,RET-WH-01,2
1058,بنطال مطاط كلاسيك,2,1,2,سنة,4.5,,4,أزرق وسط,,RET-WH-01,2
1058,بنطال مطاط كلاسيك,2,1,1,سنة,4.5,,4,أزرق وسط,,RET-WH-01,2
1058,بنطال مطاط كلاسيك,2,1,4,سنة,4.5,,4,أزرق فاتح,,RET-WH-01,1
1058,بنطال مطاط كلاسيك,2,1,3,سنة,4.5,,4,أزرق فاتح,,RET-WH-01,1
1058,بنطال مطاط كلاسيك,2,1,2,سنة,4.5,,4,أزرق فاتح,,RET-WH-01,1
1058,بنطال مطاط كلاسيك,2,1,1,سنة,4.5,,4,أزرق فاتح,,RET-WH-01,1
1058,بنطال مطاط كلاسيك,2,1,8,سنة,5,,4,أسود,,RET-WH-01,1
1058,بنطال مطاط كلاسيك,2,1,7,سنة,5,,4,أسود,,RET-WH-01,1
1058,بنطال مطاط كلاسيك,2,1,6,سنة,5,,4,أسود,,RET-WH-01,1
1058,بنطال مطاط كلاسيك,2,1,5,سنة,5,,4,أسود,,RET-WH-01,1
1058,بنطال مطاط كلاسيك,2,1,8,سنة,5,,4,أزرق داكن,,RET-WH-01,1
1058,بنطال مطاط كلاسيك,2,1,7,سنة,5,,4,أزرق داكن,,RET-WH-01,1
1058,بنطال مطاط كلاسيك,2,1,6,سنة,5,,4,أزرق داكن,,RET-WH-01,1
1058,بنطال مطاط كلاسيك,2,1,5,سنة,5,,4,أزرق داكن,,RET-WH-01,1
1058,بنطال مطاط كلاسيك,2,1,12,سنة,5.5,,4,أسود,,RET-WH-01,1
1058,بنطال مطاط كلاسيك,2,1,11,سنة,5.5,,4,أسود,,RET-WH-01,1
1058,بنطال مطاط كلاسيك,2,1,10,سنة,5.5,,4,أسود,,RET-WH-01,1
1058,بنطال مطاط كلاسيك,2,1,9,سنة,5.5,,4,أسود,,RET-WH-01,1
1058,بنطال مطاط كلاسيك,2,1,16,سنة,6.5,,4,أسود,,RET-WH-01,2
1058,بنطال مطاط كلاسيك,2,1,15,سنة,6.5,,4,أسود,,RET-WH-01,2
1058,بنطال مطاط كلاسيك,2,1,14,سنة,6.5,,4,أسود,,RET-WH-01,2
1058,بنطال مطاط كلاسيك,2,1,13,سنة,6.5,,4,أسود,,RET-WH-01,2
1058,بنطال مطاط كلاسيك,2,1,16,سنة,6.5,,4,أزرق وسط,,RET-WH-01,2
1058,بنطال مطاط كلاسيك,2,1,15,سنة,6.5,,4,أزرق وسط,,RET-WH-01,2
1058,بنطال مطاط كلاسيك,2,1,14,سنة,6.5,,4,أزرق وسط,,RET-WH-01,2
1058,بنطال مطاط كلاسيك,2,1,13,سنة,6.5,,4,أزرق وسط,,RET-WH-01,2
1050,بنطال كلاسيك,2,1,4,سنة,4.25,,4,أسود,,RET-WH-01,1
1050,بنطال كلاسيك,2,1,3,سنة,4.25,,4,أسود,,RET-WH-01,1
1050,بنطال كلاسيك,2,1,2,سنة,4.25,,4,أسود,,RET-WH-01,1
1050,بنطال كلاسيك,2,1,1,سنة,4.25,,4,أسود,,RET-WH-01,1
1050,بنطال كلاسيك,2,1,4,سنة,4.25,,4,أزرق وسط,,RET-WH-01,2
1050,بنطال كلاسيك,2,1,3,سنة,4.25,,4,أزرق وسط,,RET-WH-01,2
1050,بنطال كلاسيك,2,1,2,سنة,4.25,,4,أزرق وسط,,RET-WH-01,2
1050,بنطال كلاسيك,2,1,1,سنة,4.25,,4,أزرق وسط,,RET-WH-01,2
1050,بنطال كلاسيك,2,1,8,سنة,4.8,,4,أزرق فاتح,,RET-WH-01,1
1050,بنطال كلاسيك,2,1,7,سنة,4.8,,4,أزرق فاتح,,RET-WH-01,1
1050,بنطال كلاسيك,2,1,6,سنة,4.8,,4,أزرق فاتح,,RET-WH-01,1
1050,بنطال كلاسيك,2,1,5,سنة,4.8,,4,أزرق فاتح,,RET-WH-01,1
1059,بنطال كلاسيك,2,1,4,سنة,4.23,,4,ثلجي,,RET-WH-01,4
1059,بنطال كلاسيك,2,1,3,سنة,4.23,,4,ثلجي,,RET-WH-01,4
1059,بنطال كلاسيك,2,1,2,سنة,4.23,,4,ثلجي,,RET-WH-01,4
1059,بنطال كلاسيك,2,1,1,سنة,4.23,,4,ثلجي,,RET-WH-01,4
1059,بنطال كلاسيك,2,1,4,سنة,4.23,,4,أسود,,RET-WH-01,4
1059,بنطال كلاسيك,2,1,3,سنة,4.23,,4,أسود,,RET-WH-01,4
1059,بنطال كلاسيك,2,1,2,سنة,4.23,,4,أسود,,RET-WH-01,4
1059,بنطال كلاسيك,2,1,1,سنة,4.23,,4,أسود,,RET-WH-01,4
1059,بنطال كلاسيك,2,1,4,سنة,4.23,,4,أزرق فاتح,,RET-WH-01,4
1059,بنطال كلاسيك,2,1,3,سنة,4.23,,4,أزرق فاتح,,RET-WH-01,4
1059,بنطال كلاسيك,2,1,2,سنة,4.23,,4,أزرق فاتح,,RET-WH-01,4
1059,بنطال كلاسيك,2,1,1,سنة,4.23,,4,أزرق فاتح,,RET-WH-01,4
1059,بنطال كلاسيك,2,1,8,سنة,4.8,,4,ثلجي,,RET-WH-01,3
1059,بنطال كلاسيك,2,1,7,سنة,4.8,,4,ثلجي,,RET-WH-01,3
1059,بنطال كلاسيك,2,1,6,سنة,4.8,,4,ثلجي,,RET-WH-01,3
1059,بنطال كلاسيك,2,1,5,سنة,4.8,,4,ثلجي,,RET-WH-01,3
1059,بنطال كلاسيك,2,1,8,سنة,4.8,,4,أسود,,RET-WH-01,4
1059,بنطال كلاسيك,2,1,7,سنة,4.8,,4,أسود,,RET-WH-01,4
1059,بنطال كلاسيك,2,1,6,سنة,4.8,,4,أسود,,RET-WH-01,4
1059,بنطال كلاسيك,2,1,5,سنة,4.8,,4,أسود,,RET-WH-01,4
1059,بنطال كلاسيك,2,1,8,سنة,4.8,,4,أزرق فاتح,,RET-WH-01,1
1059,بنطال كلاسيك,2,1,7,سنة,4.8,,4,أزرق فاتح,,RET-WH-01,1
1059,بنطال كلاسيك,2,1,6,سنة,4.8,,4,أزرق فاتح,,RET-WH-01,1
1059,بنطال كلاسيك,2,1,5,سنة,4.8,,4,أزرق فاتح,,RET-WH-01,1
1059,بنطال كلاسيك,2,1,12,سنة,5.4,,4,ثلجي,,RET-WH-01,4
1059,بنطال كلاسيك,2,1,11,سنة,5.4,,4,ثلجي,,RET-WH-01,4
1059,بنطال كلاسيك,2,1,10,سنة,5.4,,4,ثلجي,,RET-WH-01,4
1059,بنطال كلاسيك,2,1,9,سنة,5.4,,4,ثلجي,,RET-WH-01,4
1059,بنطال كلاسيك,2,1,12,سنة,5.4,,4,أسود,,RET-WH-01,3
1059,بنطال كلاسيك,2,1,11,سنة,5.4,,4,أسود,,RET-WH-01,3
1059,بنطال كلاسيك,2,1,10,سنة,5.4,,4,أسود,,RET-WH-01,3
1059,بنطال كلاسيك,2,1,9,سنة,5.4,,4,أسود,,RET-WH-01,3
1059,بنطال كلاسيك,2,1,16,سنة,6,,4,ثلجي,,RET-WH-01,5
1059,بنطال كلاسيك,2,1,15,سنة,6,,4,ثلجي,,RET-WH-01,5
1059,بنطال كلاسيك,2,1,14,سنة,6,,4,ثلجي,,RET-WH-01,5
1059,بنطال كلاسيك,2,1,13,سنة,6,,4,ثلجي,,RET-WH-01,5
1059,بنطال كلاسيك,2,1,16,سنة,6,,4,أسود,,RET-WH-01,4
1059,بنطال كلاسيك,2,1,15,سنة,6,,4,أسود,,RET-WH-01,4
1059,بنطال كلاسيك,2,1,14,سنة,6,,4,أسود,,RET-WH-01,4
1059,بنطال كلاسيك,2,1,13,سنة,6,,4,أسود,,RET-WH-01,4
1009,بنطال بوي فريند,2,1,24,شهر,4.7,,4,ديرتي,,RET-WH-01,7
1009,بنطال بوي فريند,2,1,18,شهر,4.7,,4,ديرتي,,RET-WH-01,7
1009,بنطال بوي فريند,2,1,12,شهر,4.7,,4,ديرتي,,RET-WH-01,7
1009,بنطال بوي فريند,2,1,6,شهر,4.7,,4,ديرتي,,RET-WH-01,7
1009,بنطال بوي فريند,2,1,24,شهر,4.7,,4,ثلجي,,RET-WH-01,6
1009,بنطال بوي فريند,2,1,18,شهر,4.7,,4,ثلجي,,RET-WH-01,6
1009,بنطال بوي فريند,2,1,12,شهر,4.7,,4,ثلجي,,RET-WH-01,6
1009,بنطال بوي فريند,2,1,6,شهر,4.7,,4,ثلجي,,RET-WH-01,6
1009,بنطال بوي فريند,2,1,24,شهر,4.7,,4,أسود,,RET-WH-01,6
1009,بنطال بوي فريند,2,1,18,شهر,4.7,,4,أسود,,RET-WH-01,6
1009,بنطال بوي فريند,2,1,12,شهر,4.7,,4,أسود,,RET-WH-01,6
1009,بنطال بوي فريند,2,1,6,شهر,4.7,,4,أسود,,RET-WH-01,6
1009,بنطال بوي فريند,2,1,24,شهر,4.7,,4,أزرق فاتح,,RET-WH-01,1
1009,بنطال بوي فريند,2,1,18,شهر,4.7,,4,أزرق فاتح,,RET-WH-01,1
1009,بنطال بوي فريند,2,1,12,شهر,4.7,,4,أزرق فاتح,,RET-WH-01,1
1009,بنطال بوي فريند,2,1,6,شهر,4.7,,4,أزرق فاتح,,RET-WH-01,1
1009,بنطال بوي فريند,2,1,5,سنة,5.15,,4,ديرتي,,RET-WH-01,9
1009,بنطال بوي فريند,2,1,4,سنة,5.15,,4,ديرتي,,RET-WH-01,9
1009,بنطال بوي فريند,2,1,3,سنة,5.15,,4,ديرتي,,RET-WH-01,9
1009,بنطال بوي فريند,2,1,2,سنة,5.15,,4,ديرتي,,RET-WH-01,9
1009,بنطال بوي فريند,2,1,5,سنة,5.15,,4,أسود,,RET-WH-01,4
1009,بنطال بوي فريند,2,1,4,سنة,5.15,,4,أسود,,RET-WH-01,4
1009,بنطال بوي فريند,2,1,3,سنة,5.15,,4,أسود,,RET-WH-01,4
1009,بنطال بوي فريند,2,1,2,سنة,5.15,,4,أسود,,RET-WH-01,4
1009,بنطال بوي فريند,2,1,5,سنة,5.15,,4,أزرق فاتح,,RET-WH-01,2
1009,بنطال بوي فريند,2,1,4,سنة,5.15,,4,أزرق فاتح,,RET-WH-01,2
1009,بنطال بوي فريند,2,1,3,سنة,5.15,,4,أزرق فاتح,,RET-WH-01,2
1009,بنطال بوي فريند,2,1,2,سنة,5.15,,4,أزرق فاتح,,RET-WH-01,2
1009,بنطال بوي فريند,2,1,5,سنة,5.15,,4,أزرق داكن,,RET-WH-01,2
1009,بنطال بوي فريند,2,1,4,سنة,5.15,,4,أزرق داكن,,RET-WH-01,2
1009,بنطال بوي فريند,2,1,3,سنة,5.15,,4,أزرق داكن,,RET-WH-01,2
1009,بنطال بوي فريند,2,1,2,سنة,5.15,,4,أزرق داكن,,RET-WH-01,2
1009,بنطال بوي فريند,2,1,10,سنة,5.9,,5,ديرتي,,RET-WH-01,10
1009,بنطال بوي فريند,2,1,9,سنة,5.9,,5,ديرتي,,RET-WH-01,10
1009,بنطال بوي فريند,2,1,8,سنة,5.9,,5,ديرتي,,RET-WH-01,10
1009,بنطال بوي فريند,2,1,7,سنة,5.9,,5,ديرتي,,RET-WH-01,10
1009,بنطال بوي فريند,2,1,6,سنة,5.9,,5,ديرتي,,RET-WH-01,10
1009,بنطال بوي فريند,2,1,10,سنة,5.9,,5,أسود,,RET-WH-01,7
1009,بنطال بوي فريند,2,1,9,سنة,5.9,,5,أسود,,RET-WH-01,7
1009,بنطال بوي فريند,2,1,8,سنة,5.9,,5,أسود,,RET-WH-01,7
1009,بنطال بوي فريند,2,1,7,سنة,5.9,,5,أسود,,RET-WH-01,7
1009,بنطال بوي فريند,2,1,6,سنة,5.9,,5,أسود,,RET-WH-01,7
1009,بنطال بوي فريند,2,1,10,سنة,5.9,,5,أزرق فاتح,,RET-WH-01,5
1009,بنطال بوي فريند,2,1,9,سنة,5.9,,5,أزرق فاتح,,RET-WH-01,5
1009,بنطال بوي فريند,2,1,8,سنة,5.9,,5,أزرق فاتح,,RET-WH-01,5
1009,بنطال بوي فريند,2,1,7,سنة,5.9,,5,أزرق فاتح,,RET-WH-01,5
1009,بنطال بوي فريند,2,1,6,سنة,5.9,,5,أزرق فاتح,,RET-WH-01,5
1009,بنطال بوي فريند,2,1,10,سنة,5.9,,5,أزرق داكن,,RET-WH-01,4
1009,بنطال بوي فريند,2,1,9,سنة,5.9,,5,أزرق داكن,,RET-WH-01,4
1009,بنطال بوي فريند,2,1,8,سنة,5.9,,5,أزرق داكن,,RET-WH-01,4
1009,بنطال بوي فريند,2,1,7,سنة,5.9,,5,أزرق داكن,,RET-WH-01,4
1009,بنطال بوي فريند,2,1,6,سنة,5.9,,5,أزرق داكن,,RET-WH-01,4
1009,بنطال بوي فريند,2,1,15,سنة,6.85,,5,أسود,,RET-WH-01,2
1009,بنطال بوي فريند,2,1,14,سنة,6.85,,5,أسود,,RET-WH-01,2
1009,بنطال بوي فريند,2,1,13,سنة,6.85,,5,أسود,,RET-WH-01,2
1009,بنطال بوي فريند,2,1,12,سنة,6.85,,5,أسود,,RET-WH-01,2
1009,بنطال بوي فريند,2,1,11,سنة,6.85,,5,أسود,,RET-WH-01,2
1009,بنطال بوي فريند,2,1,15,سنة,6.85,,5,أزرق فاتح,,RET-WH-01,2
1009,بنطال بوي فريند,2,1,14,سنة,6.85,,5,أزرق فاتح,,RET-WH-01,2
1009,بنطال بوي فريند,2,1,13,سنة,6.85,,5,أزرق فاتح,,RET-WH-01,2
1009,بنطال بوي فريند,2,1,12,سنة,6.85,,5,أزرق فاتح,,RET-WH-01,2
1009,بنطال بوي فريند,2,1,11,سنة,6.85,,5,أزرق فاتح,,RET-WH-01,2
1009,بنطال بوي فريند,2,1,15,سنة,6.85,,5,أزرق داكن,,RET-WH-01,2
1009,بنطال بوي فريند,2,1,14,سنة,6.85,,5,أزرق داكن,,RET-WH-01,2
1009,بنطال بوي فريند,2,1,13,سنة,6.85,,5,أزرق داكن,,RET-WH-01,2
1009,بنطال بوي فريند,2,1,12,سنة,6.85,,5,أزرق داكن,,RET-WH-01,2
1009,بنطال بوي فريند,2,1,11,سنة,6.85,,5,أزرق داكن,,RET-WH-01,2
5043,بنطال,6,1,5,سنة,5.15,,4,ديرتي,,RET-WH-01,3
5043,بنطال,6,1,4,سنة,5.15,,4,ديرتي,,RET-WH-01,3
5043,بنطال,6,1,3,سنة,5.15,,4,ديرتي,,RET-WH-01,3
5043,بنطال,6,1,2,سنة,5.15,,4,ديرتي,,RET-WH-01,3
5043,بنطال,6,1,5,سنة,5.15,,4,أزرق وسط,,RET-WH-01,3
5043,بنطال,6,1,4,سنة,5.15,,4,أزرق وسط,,RET-WH-01,3
5043,بنطال,6,1,3,سنة,5.15,,4,أزرق وسط,,RET-WH-01,3
5043,بنطال,6,1,2,سنة,5.15,,4,أزرق وسط,,RET-WH-01,3
5043,بنطال,6,1,5,سنة,5.15,,4,أزرق فاتح,,RET-WH-01,2
5043,بنطال,6,1,4,سنة,5.15,,4,أزرق فاتح,,RET-WH-01,2
5043,بنطال,6,1,3,سنة,5.15,,4,أزرق فاتح,,RET-WH-01,2
5043,بنطال,6,1,2,سنة,5.15,,4,أزرق فاتح,,RET-WH-01,2
5043,بنطال,6,1,10,سنة,5.7,,5,ديرتي,,RET-WH-01,2
5043,بنطال,6,1,9,سنة,5.7,,5,ديرتي,,RET-WH-01,2
5043,بنطال,6,1,8,سنة,5.7,,5,ديرتي,,RET-WH-01,2
5043,بنطال,6,1,7,سنة,5.7,,5,ديرتي,,RET-WH-01,2
5043,بنطال,6,1,6,سنة,5.7,,5,ديرتي,,RET-WH-01,2
5043,بنطال,6,1,10,سنة,5.7,,5,أسود,,RET-WH-01,4
5043,بنطال,6,1,9,سنة,5.7,,5,أسود,,RET-WH-01,4
5043,بنطال,6,1,8,سنة,5.7,,5,أسود,,RET-WH-01,4
5043,بنطال,6,1,7,سنة,5.7,,5,أسود,,RET-WH-01,4
5043,بنطال,6,1,6,سنة,5.7,,5,أسود,,RET-WH-01,4
5043,بنطال,6,1,10,سنة,5.7,,5,أزرق وسط,,RET-WH-01,3
5043,بنطال,6,1,9,سنة,5.7,,5,أزرق وسط,,RET-WH-01,3
5043,بنطال,6,1,8,سنة,5.7,,5,أزرق وسط,,RET-WH-01,3
5043,بنطال,6,1,7,سنة,5.7,,5,أزرق وسط,,RET-WH-01,3
5043,بنطال,6,1,6,سنة,5.7,,5,أزرق وسط,,RET-WH-01,3
5043,بنطال,6,1,10,سنة,5.7,,5,أزرق فاتح,,RET-WH-01,4
5043,بنطال,6,1,9,سنة,5.7,,5,أزرق فاتح,,RET-WH-01,4
5043,بنطال,6,1,8,سنة,5.7,,5,أزرق فاتح,,RET-WH-01,4
5043,بنطال,6,1,7,سنة,5.7,,5,أزرق فاتح,,RET-WH-01,4
5043,بنطال,6,1,6,سنة,5.7,,5,أزرق فاتح,,RET-WH-01,4
5043,بنطال,6,1,15,سنة,6,,5,ديرتي,,RET-WH-01,2
5043,بنطال,6,1,14,سنة,6,,5,ديرتي,,RET-WH-01,2
5043,بنطال,6,1,13,سنة,6,,5,ديرتي,,RET-WH-01,2
5043,بنطال,6,1,12,سنة,6,,5,ديرتي,,RET-WH-01,2
5043,بنطال,6,1,11,سنة,6,,5,ديرتي,,RET-WH-01,2
5043,بنطال,6,1,15,سنة,6,,5,أسود,,RET-WH-01,1
5043,بنطال,6,1,14,سنة,6,,5,أسود,,RET-WH-01,1
5043,بنطال,6,1,13,سنة,6,,5,أسود,,RET-WH-01,1
5043,بنطال,6,1,12,سنة,6,,5,أسود,,RET-WH-01,1
5043,بنطال,6,1,11,سنة,6,,5,أسود,,RET-WH-01,1
5043,بنطال,6,1,15,سنة,6,,5,أزرق وسط,,RET-WH-01,5
5043,بنطال,6,1,14,سنة,6,,5,أزرق وسط,,RET-WH-01,5
5043,بنطال,6,1,13,سنة,6,,5,أزرق وسط,,RET-WH-01,5
5043,بنطال,6,1,12,سنة,6,,5,أزرق وسط,,RET-WH-01,5
5043,بنطال,6,1,11,سنة,6,,5,أزرق وسط,,RET-WH-01,5
5043,بنطال,6,1,15,سنة,6,,5,أزرق فاتح,,RET-WH-01,1
5043,بنطال,6,1,14,سنة,6,,5,أزرق فاتح,,RET-WH-01,1
5043,بنطال,6,1,13,سنة,6,,5,أزرق فاتح,,RET-WH-01,1
5043,بنطال,6,1,12,سنة,6,,5,أزرق فاتح,,RET-WH-01,1
5043,بنطال,6,1,11,سنة,6,,5,أزرق فاتح,,RET-WH-01,1
1026,بنطال كلاسيك,2,1,8,سنة,4.4,,4,أسود,,RET-WH-01,2
1026,بنطال كلاسيك,2,1,7,سنة,4.4,,4,أسود,,RET-WH-01,2
1026,بنطال كلاسيك,2,1,6,سنة,4.4,,4,أسود,,RET-WH-01,2
1026,بنطال كلاسيك,2,1,5,سنة,4.4,,4,أسود,,RET-WH-01,2
1026,بنطال كلاسيك,2,1,8,سنة,4.4,,4,أزرق فاتح,,RET-WH-01,1
1026,بنطال كلاسيك,2,1,7,سنة,4.4,,4,أزرق فاتح,,RET-WH-01,1
1026,بنطال كلاسيك,2,1,6,سنة,4.4,,4,أزرق فاتح,,RET-WH-01,1
1026,بنطال كلاسيك,2,1,5,سنة,4.4,,4,أزرق فاتح,,RET-WH-01,1
1026,بنطال كلاسيك,2,1,12,سنة,4.85,,4,أسود,,RET-WH-01,3
1026,بنطال كلاسيك,2,1,11,سنة,4.85,,4,أسود,,RET-WH-01,3
1026,بنطال كلاسيك,2,1,10,سنة,4.85,,4,أسود,,RET-WH-01,3
1026,بنطال كلاسيك,2,1,9,سنة,4.85,,4,أسود,,RET-WH-01,3
1026,بنطال كلاسيك,2,1,12,سنة,4.85,,4,أزرق داكن,,RET-WH-01,2
1026,بنطال كلاسيك,2,1,11,سنة,4.85,,4,أزرق داكن,,RET-WH-01,2
1026,بنطال كلاسيك,2,1,10,سنة,4.85,,4,أزرق داكن,,RET-WH-01,2
1026,بنطال كلاسيك,2,1,9,سنة,4.85,,4,أزرق داكن,,RET-WH-01,2
1026,بنطال كلاسيك,2,1,16,سنة,5.3,,4,أسود,,RET-WH-01,1
1026,بنطال كلاسيك,2,1,15,سنة,5.3,,4,أسود,,RET-WH-01,1
1026,بنطال كلاسيك,2,1,14,سنة,5.3,,4,أسود,,RET-WH-01,1
1026,بنطال كلاسيك,2,1,13,سنة,5.3,,4,أسود,,RET-WH-01,1
1026,بنطال كلاسيك,2,1,16,سنة,5.3,,4,أزرق وسط,,RET-WH-01,3
1026,بنطال كلاسيك,2,1,15,سنة,5.3,,4,أزرق وسط,,RET-WH-01,3
1026,بنطال كلاسيك,2,1,14,سنة,5.3,,4,أزرق وسط,,RET-WH-01,3
1026,بنطال كلاسيك,2,1,13,سنة,5.3,,4,أزرق وسط,,RET-WH-01,3
1026,بنطال كلاسيك,2,1,16,سنة,5.3,,4,أزرق فاتح,,RET-WH-01,1
1026,بنطال كلاسيك,2,1,15,سنة,5.3,,4,أزرق فاتح,,RET-WH-01,1
1026,بنطال كلاسيك,2,1,14,سنة,5.3,,4,أزرق فاتح,,RET-WH-01,1
1026,بنطال كلاسيك,2,1,13,سنة,5.3,,4,أزرق فاتح,,RET-WH-01,1
5022,بنطال كلاسيك,6,1,5,سنة,4.5,,4,أسود,,RET-WH-01,8
5022,بنطال كلاسيك,6,1,4,سنة,4.5,,4,أسود,,RET-WH-01,8
5022,بنطال كلاسيك,6,1,3,سنة,4.5,,4,أسود,,RET-WH-01,8
5022,بنطال كلاسيك,6,1,2,سنة,4.5,,4,أسود,,RET-WH-01,8
5022,بنطال كلاسيك,6,1,5,سنة,4.5,,4,أزرق فاتح,,RET-WH-01,7
5022,بنطال كلاسيك,6,1,4,سنة,4.5,,4,أزرق فاتح,,RET-WH-01,7
5022,بنطال كلاسيك,6,1,3,سنة,4.5,,4,أزرق فاتح,,RET-WH-01,7
5022,بنطال كلاسيك,6,1,2,سنة,4.5,,4,أزرق فاتح,,RET-WH-01,7
5022,بنطال كلاسيك,6,1,5,سنة,4.5,,4,أزرق داكن,,RET-WH-01,7
5022,بنطال كلاسيك,6,1,4,سنة,4.5,,4,أزرق داكن,,RET-WH-01,7
5022,بنطال كلاسيك,6,1,3,سنة,4.5,,4,أزرق داكن,,RET-WH-01,7
5022,بنطال كلاسيك,6,1,2,سنة,4.5,,4,أزرق داكن,,RET-WH-01,7
5022,بنطال كلاسيك,6,1,10,سنة,5.1,,5,أسود,,RET-WH-01,11
5022,بنطال كلاسيك,6,1,9,سنة,5.1,,5,أسود,,RET-WH-01,11
5022,بنطال كلاسيك,6,1,8,سنة,5.1,,5,أسود,,RET-WH-01,11
5022,بنطال كلاسيك,6,1,7,سنة,5.1,,5,أسود,,RET-WH-01,11
5022,بنطال كلاسيك,6,1,6,سنة,5.1,,5,أسود,,RET-WH-01,11
5022,بنطال كلاسيك,6,1,10,سنة,5.1,,5,أزرق فاتح,,RET-WH-01,7
5022,بنطال كلاسيك,6,1,9,سنة,5.1,,5,أزرق فاتح,,RET-WH-01,7
5022,بنطال كلاسيك,6,1,8,سنة,5.1,,5,أزرق فاتح,,RET-WH-01,7
5022,بنطال كلاسيك,6,1,7,سنة,5.1,,5,أزرق فاتح,,RET-WH-01,7
5022,بنطال كلاسيك,6,1,6,سنة,5.1,,5,أزرق فاتح,,RET-WH-01,7
5022,بنطال كلاسيك,6,1,10,سنة,5.1,,5,أزرق داكن,,RET-WH-01,11
5022,بنطال كلاسيك,6,1,9,سنة,5.1,,5,أزرق داكن,,RET-WH-01,11
5022,بنطال كلاسيك,6,1,8,سنة,5.1,,5,أزرق داكن,,RET-WH-01,11
5022,بنطال كلاسيك,6,1,7,سنة,5.1,,5,أزرق داكن,,RET-WH-01,11
5022,بنطال كلاسيك,6,1,6,سنة,5.1,,5,أزرق داكن,,RET-WH-01,11
1045,بنطال بوي فرند,2,1,5,سنة,5.15,,4,ديرتي,,RET-WH-01,4
1045,بنطال بوي فرند,2,1,4,سنة,5.15,,4,ديرتي,,RET-WH-01,4
1045,بنطال بوي فرند,2,1,3,سنة,5.15,,4,ديرتي,,RET-WH-01,4
1045,بنطال بوي فرند,2,1,2,سنة,5.15,,4,ديرتي,,RET-WH-01,4
1045,بنطال بوي فرند,2,1,5,سنة,5.15,,4,أزرق فاتح,,RET-WH-01,4
1045,بنطال بوي فرند,2,1,4,سنة,5.15,,4,أزرق فاتح,,RET-WH-01,4
1045,بنطال بوي فرند,2,1,3,سنة,5.15,,4,أزرق فاتح,,RET-WH-01,4
1045,بنطال بوي فرند,2,1,2,سنة,5.15,,4,أزرق فاتح,,RET-WH-01,4
1045,بنطال بوي فرند,2,1,5,سنة,5.15,,4,أزرق داكن,,RET-WH-01,6
1045,بنطال بوي فرند,2,1,4,سنة,5.15,,4,أزرق داكن,,RET-WH-01,6
1045,بنطال بوي فرند,2,1,3,سنة,5.15,,4,أزرق داكن,,RET-WH-01,6
1045,بنطال بوي فرند,2,1,2,سنة,5.15,,4,أزرق داكن,,RET-WH-01,6
1045,بنطال بوي فرند,2,1,10,سنة,5.8,,5,ديرتي,,RET-WH-01,4
1045,بنطال بوي فرند,2,1,9,سنة,5.8,,5,ديرتي,,RET-WH-01,4
1045,بنطال بوي فرند,2,1,8,سنة,5.8,,5,ديرتي,,RET-WH-01,4
1045,بنطال بوي فرند,2,1,7,سنة,5.8,,5,ديرتي,,RET-WH-01,4
1045,بنطال بوي فرند,2,1,6,سنة,5.8,,5,ديرتي,,RET-WH-01,4
1045,بنطال بوي فرند,2,1,10,سنة,5.8,,5,أزرق فاتح,,RET-WH-01,4
1045,بنطال بوي فرند,2,1,9,سنة,5.8,,5,أزرق فاتح,,RET-WH-01,4
1045,بنطال بوي فرند,2,1,8,سنة,5.8,,5,أزرق فاتح,,RET-WH-01,4
1045,بنطال بوي فرند,2,1,7,سنة,5.8,,5,أزرق فاتح,,RET-WH-01,4
1045,بنطال بوي فرند,2,1,6,سنة,5.8,,5,أزرق فاتح,,RET-WH-01,4
1045,بنطال بوي فرند,2,1,10,سنة,5.8,,5,أزرق داكن,,RET-WH-01,3
1045,بنطال بوي فرند,2,1,9,سنة,5.8,,5,أزرق داكن,,RET-WH-01,3
1045,بنطال بوي فرند,2,1,8,سنة,5.8,,5,أزرق داكن,,RET-WH-01,3
1045,بنطال بوي فرند,2,1,7,سنة,5.8,,5,أزرق داكن,,RET-WH-01,3
1045,بنطال بوي فرند,2,1,6,سنة,5.8,,5,أزرق داكن,,RET-WH-01,3
1049,بنطال كلاسيك,2,1,4,سنة,4,,4,أسود,,RET-WH-01,5
1049,بنطال كلاسيك,2,1,3,سنة,4,,4,أسود,,RET-WH-01,5
1049,بنطال كلاسيك,2,1,2,سنة,4,,4,أسود,,RET-WH-01,5
1049,بنطال كلاسيك,2,1,1,سنة,4,,4,أسود,,RET-WH-01,5
1049,بنطال كلاسيك,2,1,4,سنة,4,,4,أزرق فاتح,,RET-WH-01,6
1049,بنطال كلاسيك,2,1,3,سنة,4,,4,أزرق فاتح,,RET-WH-01,6
1049,بنطال كلاسيك,2,1,2,سنة,4,,4,أزرق فاتح,,RET-WH-01,6
1049,بنطال كلاسيك,2,1,1,سنة,4,,4,أزرق فاتح,,RET-WH-01,6
1049,بنطال كلاسيك,2,1,4,سنة,4,,4,أزرق داكن,,RET-WH-01,5
1049,بنطال كلاسيك,2,1,3,سنة,4,,4,أزرق داكن,,RET-WH-01,5
1049,بنطال كلاسيك,2,1,2,سنة,4,,4,أزرق داكن,,RET-WH-01,5
1049,بنطال كلاسيك,2,1,1,سنة,4,,4,أزرق داكن,,RET-WH-01,5
1049,بنطال كلاسيك,2,1,8,سنة,4.5,,4,أسود,,RET-WH-01,5
1049,بنطال كلاسيك,2,1,7,سنة,4.5,,4,أسود,,RET-WH-01,5
1049,بنطال كلاسيك,2,1,6,سنة,4.5,,4,أسود,,RET-WH-01,5
1049,بنطال كلاسيك,2,1,5,سنة,4.5,,4,أسود,,RET-WH-01,5
1049,بنطال كلاسيك,2,1,8,سنة,4.5,,4,أزرق فاتح,,RET-WH-01,5
1049,بنطال كلاسيك,2,1,7,سنة,4.5,,4,أزرق فاتح,,RET-WH-01,5
1049,بنطال كلاسيك,2,1,6,سنة,4.5,,4,أزرق فاتح,,RET-WH-01,5
1049,بنطال كلاسيك,2,1,5,سنة,4.5,,4,أزرق فاتح,,RET-WH-01,5
1049,بنطال كلاسيك,2,1,8,سنة,4.5,,4,أزرق داكن,,RET-WH-01,9
1049,بنطال كلاسيك,2,1,7,سنة,4.5,,4,أزرق داكن,,RET-WH-01,9
1049,بنطال كلاسيك,2,1,6,سنة,4.5,,4,أزرق داكن,,RET-WH-01,9
1049,بنطال كلاسيك,2,1,5,سنة,4.5,,4,أزرق داكن,,RET-WH-01,9
1049,بنطال كلاسيك,2,1,12,سنة,5,,4,أزرق فاتح,,RET-WH-01,3
1049,بنطال كلاسيك,2,1,11,سنة,5,,4,أزرق فاتح,,RET-WH-01,3
1049,بنطال كلاسيك,2,1,10,سنة,5,,4,أزرق فاتح,,RET-WH-01,3
1049,بنطال كلاسيك,2,1,9,سنة,5,,4,أزرق فاتح,,RET-WH-01,3
1049,بنطال كلاسيك,2,1,16,سنة,5.5,,4,أزرق داكن,,RET-WH-01,3
1049,بنطال كلاسيك,2,1,15,سنة,5.5,,4,أزرق داكن,,RET-WH-01,3
1049,بنطال كلاسيك,2,1,14,سنة,5.5,,4,أزرق داكن,,RET-WH-01,3
1049,بنطال كلاسيك,2,1,13,سنة,5.5,,4,أزرق داكن,,RET-WH-01,3
1062,بنطال كلاسيك,2,1,4,سنة,4.4,,4,أسود,,RET-WH-01,4
1062,بنطال كلاسيك,2,1,3,سنة,4.4,,4,أسود,,RET-WH-01,4
1062,بنطال كلاسيك,2,1,2,سنة,4.4,,4,أسود,,RET-WH-01,4
1062,بنطال كلاسيك,2,1,1,سنة,4.4,,4,أسود,,RET-WH-01,4
1062,بنطال كلاسيك,2,1,4,سنة,4.4,,4,أزرق فاتح,,RET-WH-01,4
1062,بنطال كلاسيك,2,1,3,سنة,4.4,,4,أزرق فاتح,,RET-WH-01,4
1062,بنطال كلاسيك,2,1,2,سنة,4.4,,4,أزرق فاتح,,RET-WH-01,4
1062,بنطال كلاسيك,2,1,1,سنة,4.4,,4,أزرق فاتح,,RET-WH-01,4
1062,بنطال كلاسيك,2,1,4,سنة,4.4,,4,أزرق داكن,,RET-WH-01,3
1062,بنطال كلاسيك,2,1,3,سنة,4.4,,4,أزرق داكن,,RET-WH-01,3
1062,بنطال كلاسيك,2,1,2,سنة,4.4,,4,أزرق داكن,,RET-WH-01,3
1062,بنطال كلاسيك,2,1,1,سنة,4.4,,4,أزرق داكن,,RET-WH-01,3
1062,بنطال كلاسيك,2,1,8,سنة,5,,4,أسود,,RET-WH-01,1
1062,بنطال كلاسيك,2,1,7,سنة,5,,4,أسود,,RET-WH-01,1
1062,بنطال كلاسيك,2,1,6,سنة,5,,4,أسود,,RET-WH-01,1
1062,بنطال كلاسيك,2,1,5,سنة,5,,4,أسود,,RET-WH-01,1
1062,بنطال كلاسيك,2,1,8,سنة,5,,4,أزرق فاتح,,RET-WH-01,1
1062,بنطال كلاسيك,2,1,7,سنة,5,,4,أزرق فاتح,,RET-WH-01,1
1062,بنطال كلاسيك,2,1,6,سنة,5,,4,أزرق فاتح,,RET-WH-01,1
1062,بنطال كلاسيك,2,1,5,سنة,5,,4,أزرق فاتح,,RET-WH-01,1
1062,بنطال كلاسيك,2,1,8,سنة,5,,4,أزرق داكن,,RET-WH-01,1
1062,بنطال كلاسيك,2,1,7,سنة,5,,4,أزرق داكن,,RET-WH-01,1
1062,بنطال كلاسيك,2,1,6,سنة,5,,4,أزرق داكن,,RET-WH-01,1
1062,بنطال كلاسيك,2,1,5,سنة,5,,4,أزرق داكن,,RET-WH-01,1
1062,بنطال كلاسيك,2,1,12,سنة,5.6,,4,أزرق فاتح,,RET-WH-01,1
1062,بنطال كلاسيك,2,1,11,سنة,5.6,,4,أزرق فاتح,,RET-WH-01,1
1062,بنطال كلاسيك,2,1,10,سنة,5.6,,4,أزرق فاتح,,RET-WH-01,1
1062,بنطال كلاسيك,2,1,9,سنة,5.6,,4,أزرق فاتح,,RET-WH-01,1
1062,بنطال كلاسيك,2,1,12,سنة,5.6,,4,أزرق داكن,,RET-WH-01,1
1062,بنطال كلاسيك,2,1,11,سنة,5.6,,4,أزرق داكن,,RET-WH-01,1
1062,بنطال كلاسيك,2,1,10,سنة,5.6,,4,أزرق داكن,,RET-WH-01,1
1062,بنطال كلاسيك,2,1,9,سنة,5.6,,4,أزرق داكن,,RET-WH-01,1
1062,بنطال كلاسيك,2,1,16,سنة,6.2,,4,أسود,,RET-WH-01,1
1062,بنطال كلاسيك,2,1,15,سنة,6.2,,4,أسود,,RET-WH-01,1
1062,بنطال كلاسيك,2,1,14,سنة,6.2,,4,أسود,,RET-WH-01,1
1062,بنطال كلاسيك,2,1,13,سنة,6.2,,4,أسود,,RET-WH-01,1
1062,بنطال كلاسيك,2,1,16,سنة,6.2,,4,أزرق فاتح,,RET-WH-01,2
1062,بنطال كلاسيك,2,1,15,سنة,6.2,,4,أزرق فاتح,,RET-WH-01,2
1062,بنطال كلاسيك,2,1,14,سنة,6.2,,4,أزرق فاتح,,RET-WH-01,2
1062,بنطال كلاسيك,2,1,13,سنة,6.2,,4,أزرق فاتح,,RET-WH-01,2
1062,بنطال كلاسيك,2,1,16,سنة,6.2,,4,أزرق داكن,,RET-WH-01,2
1062,بنطال كلاسيك,2,1,15,سنة,6.2,,4,أزرق داكن,,RET-WH-01,2
1062,بنطال كلاسيك,2,1,14,سنة,6.2,,4,أزرق داكن,,RET-WH-01,2
1062,بنطال كلاسيك,2,1,13,سنة,6.2,,4,أزرق داكن,,RET-WH-01,2
5054,بنطال اسبنيولي مطاط,6,1,16,سنة,7,,4,أزرق فاتح,,RET-WH-01,1
5054,بنطال اسبنيولي مطاط,6,1,15,سنة,7,,4,أزرق فاتح,,RET-WH-01,1
5054,بنطال اسبنيولي مطاط,6,1,14,سنة,7,,4,أزرق فاتح,,RET-WH-01,1
5054,بنطال اسبنيولي مطاط,6,1,13,سنة,7,,4,أزرق فاتح,,RET-WH-01,1
5054,بنطال اسبنيولي مطاط,6,1,16,سنة,7,,4,أزرق داكن,,RET-WH-01,2
5054,بنطال اسبنيولي مطاط,6,1,15,سنة,7,,4,أزرق داكن,,RET-WH-01,2
5054,بنطال اسبنيولي مطاط,6,1,14,سنة,7,,4,أزرق داكن,,RET-WH-01,2
5054,بنطال اسبنيولي مطاط,6,1,13,سنة,7,,4,أزرق داكن,,RET-WH-01,2
4001,طقم,1,1,6,سنة,11,,4,بني,,RET-WH-01,2
4001,طقم,1,1,8,سنة,11,,4,بني,,RET-WH-01,2
4001,طقم,1,1,10,سنة,11,,4,بني,,RET-WH-01,2
4001,طقم,1,1,12,سنة,11,,4,بني,,RET-WH-01,2
4001,طقم,1,1,6,سنة,11,,4,أسود,,RET-WH-01,2
4001,طقم,1,1,8,سنة,11,,4,أسود,,RET-WH-01,2
4001,طقم,1,1,10,سنة,11,,4,أسود,,RET-WH-01,2
4001,طقم,1,1,12,سنة,11,,4,أسود,,RET-WH-01,2
4002,طقم,1,1,6,سنة,11,,4,فضي,,RET-WH-01,2
4002,طقم,1,1,8,سنة,11,,4,فضي,,RET-WH-01,2
4002,طقم,1,1,10,سنة,11,,4,فضي,,RET-WH-01,2
4002,طقم,1,1,12,سنة,11,,4,فضي,,RET-WH-01,2
4002,طقم,1,1,6,سنة,11,,4,شوكو,,RET-WH-01,2
4002,طقم,1,1,8,سنة,11,,4,شوكو,,RET-WH-01,2
4002,طقم,1,1,10,سنة,11,,4,شوكو,,RET-WH-01,2
4002,طقم,1,1,12,سنة,11,,4,شوكو,,RET-WH-01,2
4002,طقم,1,1,6,سنة,11,,4,أبيض,,RET-WH-01,4
4002,طقم,1,1,8,سنة,11,,4,أبيض,,RET-WH-01,4
4002,طقم,1,1,10,سنة,11,,4,أبيض,,RET-WH-01,4
4002,طقم,1,1,12,سنة,11,,4,أبيض,,RET-WH-01,4
1061,بنطال كلاسيك,2,1,4,سنة,4.5,,4,أسود,,RET-WH-01,1
1061,بنطال كلاسيك,2,1,3,سنة,4.5,,4,أسود,,RET-WH-01,1
1061,بنطال كلاسيك,2,1,2,سنة,4.5,,4,أسود,,RET-WH-01,1
1061,بنطال كلاسيك,2,1,1,سنة,4.5,,4,أسود,,RET-WH-01,1
1061,بنطال كلاسيك,2,1,4,سنة,4.5,,4,أزرق فاتح,,RET-WH-01,2
1061,بنطال كلاسيك,2,1,3,سنة,4.5,,4,أزرق فاتح,,RET-WH-01,2
1061,بنطال كلاسيك,2,1,2,سنة,4.5,,4,أزرق فاتح,,RET-WH-01,2
1061,بنطال كلاسيك,2,1,1,سنة,4.5,,4,أزرق فاتح,,RET-WH-01,2
1061,بنطال كلاسيك,2,1,4,سنة,4.5,,4,أزرق داكن,,RET-WH-01,2
1061,بنطال كلاسيك,2,1,3,سنة,4.5,,4,أزرق داكن,,RET-WH-01,2
1061,بنطال كلاسيك,2,1,2,سنة,4.5,,4,أزرق داكن,,RET-WH-01,2
1061,بنطال كلاسيك,2,1,1,سنة,4.5,,4,أزرق داكن,,RET-WH-01,2
1061,بنطال كلاسيك,2,1,12,سنة,5.5,,4,أسود,,RET-WH-01,2
1061,بنطال كلاسيك,2,1,11,سنة,5.5,,4,أسود,,RET-WH-01,2
1061,بنطال كلاسيك,2,1,10,سنة,5.5,,4,أسود,,RET-WH-01,2
1061,بنطال كلاسيك,2,1,9,سنة,5.5,,4,أسود,,RET-WH-01,2
1061,بنطال كلاسيك,2,1,12,سنة,5.5,,4,أزرق فاتح,,RET-WH-01,1
1061,بنطال كلاسيك,2,1,11,سنة,5.5,,4,أزرق فاتح,,RET-WH-01,1
1061,بنطال كلاسيك,2,1,10,سنة,5.5,,4,أزرق فاتح,,RET-WH-01,1
1061,بنطال كلاسيك,2,1,9,سنة,5.5,,4,أزرق فاتح,,RET-WH-01,1
1061,بنطال كلاسيك,2,1,12,سنة,5.5,,4,أزرق داكن,,RET-WH-01,3
1061,بنطال كلاسيك,2,1,11,سنة,5.5,,4,أزرق داكن,,RET-WH-01,3
1061,بنطال كلاسيك,2,1,10,سنة,5.5,,4,أزرق داكن,,RET-WH-01,3
1061,بنطال كلاسيك,2,1,9,سنة,5.5,,4,أزرق داكن,,RET-WH-01,3
1061,بنطال كلاسيك,2,1,16,سنة,6.5,,4,أسود,,RET-WH-01,1
1061,بنطال كلاسيك,2,1,15,سنة,6.5,,4,أسود,,RET-WH-01,1
1061,بنطال كلاسيك,2,1,14,سنة,6.5,,4,أسود,,RET-WH-01,1
1061,بنطال كلاسيك,2,1,13,سنة,6.5,,4,أسود,,RET-WH-01,1
1061,بنطال كلاسيك,2,1,16,سنة,6.5,,4,أزرق فاتح,,RET-WH-01,1
1061,بنطال كلاسيك,2,1,15,سنة,6.5,,4,أزرق فاتح,,RET-WH-01,1
1061,بنطال كلاسيك,2,1,14,سنة,6.5,,4,أزرق فاتح,,RET-WH-01,1
1061,بنطال كلاسيك,2,1,13,سنة,6.5,,4,أزرق فاتح,,RET-WH-01,1
1061,بنطال كلاسيك,2,1,16,سنة,6.5,,4,أزرق داكن,,RET-WH-01,1
1061,بنطال كلاسيك,2,1,15,سنة,6.5,,4,أزرق داكن,,RET-WH-01,1
1061,بنطال كلاسيك,2,1,14,سنة,6.5,,4,أزرق داكن,,RET-WH-01,1
1061,بنطال كلاسيك,2,1,13,سنة,6.5,,4,أزرق داكن,,RET-WH-01,1
1024,بنطال بوي فرند,2,1,5,سنة,5.4,,4,أسود,,RET-WH-01,2
1024,بنطال بوي فرند,2,1,4,سنة,5.4,,4,أسود,,RET-WH-01,2
1024,بنطال بوي فرند,2,1,3,سنة,5.4,,4,أسود,,RET-WH-01,2
1024,بنطال بوي فرند,2,1,2,سنة,5.4,,4,أسود,,RET-WH-01,2
1024,بنطال بوي فرند,2,1,5,سنة,5.4,,4,أزرق فاتح,,RET-WH-01,1
1024,بنطال بوي فرند,2,1,4,سنة,5.4,,4,أزرق فاتح,,RET-WH-01,1
1024,بنطال بوي فرند,2,1,3,سنة,5.4,,4,أزرق فاتح,,RET-WH-01,1
1024,بنطال بوي فرند,2,1,2,سنة,5.4,,4,أزرق فاتح,,RET-WH-01,1
1024,بنطال بوي فرند,2,1,5,سنة,5.4,,4,أزرق وسط,,RET-WH-01,1
1024,بنطال بوي فرند,2,1,4,سنة,5.4,,4,أزرق وسط,,RET-WH-01,1
1024,بنطال بوي فرند,2,1,3,سنة,5.4,,4,أزرق وسط,,RET-WH-01,1
1024,بنطال بوي فرند,2,1,2,سنة,5.4,,4,أزرق وسط,,RET-WH-01,1
1024,بنطال بوي فرند,2,1,10,سنة,6,,5,أسود,,RET-WH-01,1
1024,بنطال بوي فرند,2,1,9,سنة,6,,5,أسود,,RET-WH-01,1
1024,بنطال بوي فرند,2,1,8,سنة,6,,5,أسود,,RET-WH-01,1
1024,بنطال بوي فرند,2,1,7,سنة,6,,5,أسود,,RET-WH-01,1
1024,بنطال بوي فرند,2,1,6,سنة,6,,5,أسود,,RET-WH-01,1
1024,بنطال بوي فرند,2,1,10,سنة,6,,5,أزرق فاتح,,RET-WH-01,2
1024,بنطال بوي فرند,2,1,9,سنة,6,,5,أزرق فاتح,,RET-WH-01,2
1024,بنطال بوي فرند,2,1,8,سنة,6,,5,أزرق فاتح,,RET-WH-01,2
1024,بنطال بوي فرند,2,1,7,سنة,6,,5,أزرق فاتح,,RET-WH-01,2
1024,بنطال بوي فرند,2,1,6,سنة,6,,5,أزرق فاتح,,RET-WH-01,2
1024,بنطال بوي فرند,2,1,15,سنة,6.9,,5,أسود,,RET-WH-01,3
1024,بنطال بوي فرند,2,1,14,سنة,6.9,,5,أسود,,RET-WH-01,3
1024,بنطال بوي فرند,2,1,13,سنة,6.9,,5,أسود,,RET-WH-01,3
1024,بنطال بوي فرند,2,1,12,سنة,6.9,,5,أسود,,RET-WH-01,3
1024,بنطال بوي فرند,2,1,11,سنة,6.9,,5,أسود,,RET-WH-01,3
1024,بنطال بوي فرند,2,1,15,سنة,6.9,,5,أزرق فاتح,,RET-WH-01,4
1024,بنطال بوي فرند,2,1,14,سنة,6.9,,5,أزرق فاتح,,RET-WH-01,4
1024,بنطال بوي فرند,2,1,13,سنة,6.9,,5,أزرق فاتح,,RET-WH-01,4
1024,بنطال بوي فرند,2,1,12,سنة,6.9,,5,أزرق فاتح,,RET-WH-01,4
1024,بنطال بوي فرند,2,1,11,سنة,6.9,,5,أزرق فاتح,,RET-WH-01,4
4007,طقم,1,1,6,سنة,11,,4,سمني,,RET-WH-01,1
4007,طقم,1,1,8,سنة,11,,4,سمني,,RET-WH-01,1
4007,طقم,1,1,10,سنة,11,,4,سمني,,RET-WH-01,1
4007,طقم,1,1,12,سنة,11,,4,سمني,,RET-WH-01,1
4007,طقم,1,1,6,سنة,11,,4,بني,,RET-WH-01,4
4007,طقم,1,1,8,سنة,11,,4,بني,,RET-WH-01,4
4007,طقم,1,1,10,سنة,11,,4,بني,,RET-WH-01,4
4007,طقم,1,1,12,سنة,11,,4,بني,,RET-WH-01,4
4005,طقم,1,1,6,سنة,12,,4,فضي,,RET-WH-01,2
4005,طقم,1,1,8,سنة,12,,4,فضي,,RET-WH-01,2
4005,طقم,1,1,10,سنة,12,,4,فضي,,RET-WH-01,2
4005,طقم,1,1,12,سنة,12,,4,فضي,,RET-WH-01,2
4005,طقم,1,1,6,سنة,12,,4,شوكو,,RET-WH-01,2
4005,طقم,1,1,8,سنة,12,,4,شوكو,,RET-WH-01,2
4005,طقم,1,1,10,سنة,12,,4,شوكو,,RET-WH-01,2
4005,طقم,1,1,12,سنة,12,,4,شوكو,,RET-WH-01,2
4005,طقم,1,1,6,سنة,12,,4,بني,,RET-WH-01,2
4005,طقم,1,1,8,سنة,12,,4,بني,,RET-WH-01,2
4005,طقم,1,1,10,سنة,12,,4,بني,,RET-WH-01,2
4005,طقم,1,1,12,سنة,12,,4,بني,,RET-WH-01,2
4005,طقم,1,1,6,سنة,12,,4,اخضر متوسط,,RET-WH-01,2
4005,طقم,1,1,8,سنة,12,,4,اخضر متوسط,,RET-WH-01,2
4005,طقم,1,1,10,سنة,12,,4,اخضر متوسط,,RET-WH-01,2
4005,طقم,1,1,12,سنة,12,,4,اخضر متوسط,,RET-WH-01,2
1013,بنطال بوي فرند,2,1,5,سنة,5.4,,4,أزرق فاتح,,RET-WH-01,8
1013,بنطال بوي فرند,2,1,4,سنة,5.4,,4,أزرق فاتح,,RET-WH-01,8
1013,بنطال بوي فرند,2,1,3,سنة,5.4,,4,أزرق فاتح,,RET-WH-01,8
1013,بنطال بوي فرند,2,1,2,سنة,5.4,,4,أزرق فاتح,,RET-WH-01,8
1013,بنطال بوي فرند,2,1,10,سنة,6.2,,5,أسود,,RET-WH-01,1
1013,بنطال بوي فرند,2,1,9,سنة,6.2,,5,أسود,,RET-WH-01,1
1013,بنطال بوي فرند,2,1,8,سنة,6.2,,5,أسود,,RET-WH-01,1
1013,بنطال بوي فرند,2,1,7,سنة,6.2,,5,أسود,,RET-WH-01,1
1013,بنطال بوي فرند,2,1,6,سنة,6.2,,5,أسود,,RET-WH-01,1
1013,بنطال بوي فرند,2,1,10,سنة,6.2,,5,أزرق فاتح,,RET-WH-01,7
1013,بنطال بوي فرند,2,1,9,سنة,6.2,,5,أزرق فاتح,,RET-WH-01,7
1013,بنطال بوي فرند,2,1,8,سنة,6.2,,5,أزرق فاتح,,RET-WH-01,7
1013,بنطال بوي فرند,2,1,7,سنة,6.2,,5,أزرق فاتح,,RET-WH-01,7
1013,بنطال بوي فرند,2,1,6,سنة,6.2,,5,أزرق فاتح,,RET-WH-01,7
4008,طقم,1,1,6,سنة,11,,4,فضي,,RET-WH-01,2
4008,طقم,1,1,8,سنة,11,,4,فضي,,RET-WH-01,2
4008,طقم,1,1,10,سنة,11,,4,فضي,,RET-WH-01,2
4008,طقم,1,1,12,سنة,11,,4,فضي,,RET-WH-01,2
4008,طقم,1,1,6,سنة,11,,4,شوكو,,RET-WH-01,1
4008,طقم,1,1,8,سنة,11,,4,شوكو,,RET-WH-01,1
4008,طقم,1,1,10,سنة,11,,4,شوكو,,RET-WH-01,1
4008,طقم,1,1,12,سنة,11,,4,شوكو,,RET-WH-01,1
4008,طقم,1,1,6,سنة,11,,4,بني,,RET-WH-01,1
4008,طقم,1,1,8,سنة,11,,4,بني,,RET-WH-01,1
4008,طقم,1,1,10,سنة,11,,4,بني,,RET-WH-01,1
4008,طقم,1,1,12,سنة,11,,4,بني,,RET-WH-01,1
4008,طقم,1,1,6,سنة,11,,4,اخضر,,RET-WH-01,2
4008,طقم,1,1,8,سنة,11,,4,اخضر,,RET-WH-01,2
4008,طقم,1,1,10,سنة,11,,4,اخضر,,RET-WH-01,2
4008,طقم,1,1,12,سنة,11,,4,اخضر,,RET-WH-01,2
5041,بنطال,6,1,8,سنة,6.25,,4,أزرق فاتح,,RET-WH-01,6
5041,بنطال,6,1,7,سنة,6.25,,4,أزرق فاتح,,RET-WH-01,6
5041,بنطال,6,1,6,سنة,6.25,,4,أزرق فاتح,,RET-WH-01,6
5041,بنطال,6,1,5,سنة,6.25,,4,أزرق فاتح,,RET-WH-01,6
5041,بنطال,6,1,8,سنة,6.25,,4,أزرق داكن,,RET-WH-01,7
5041,بنطال,6,1,7,سنة,6.25,,4,أزرق داكن,,RET-WH-01,7
5041,بنطال,6,1,6,سنة,6.25,,4,أزرق داكن,,RET-WH-01,7
5041,بنطال,6,1,5,سنة,6.25,,4,أزرق داكن,,RET-WH-01,7
5041,بنطال,6,1,12,سنة,7,,4,أزرق فاتح,,RET-WH-01,7
5041,بنطال,6,1,11,سنة,7,,4,أزرق فاتح,,RET-WH-01,7
5041,بنطال,6,1,10,سنة,7,,4,أزرق فاتح,,RET-WH-01,7
5041,بنطال,6,1,9,سنة,7,,4,أزرق فاتح,,RET-WH-01,7
5041,بنطال,6,1,12,سنة,7,,4,أزرق داكن,,RET-WH-01,3
5041,بنطال,6,1,11,سنة,7,,4,أزرق داكن,,RET-WH-01,3
5041,بنطال,6,1,10,سنة,7,,4,أزرق داكن,,RET-WH-01,3
5041,بنطال,6,1,9,سنة,7,,4,أزرق داكن,,RET-WH-01,3
5041,بنطال,6,1,16,سنة,7.5,,4,أزرق فاتح,,RET-WH-01,8
5041,بنطال,6,1,15,سنة,7.5,,4,أزرق فاتح,,RET-WH-01,8
5041,بنطال,6,1,14,سنة,7.5,,4,أزرق فاتح,,RET-WH-01,8
5041,بنطال,6,1,13,سنة,7.5,,4,أزرق فاتح,,RET-WH-01,8
5041,بنطال,6,1,16,سنة,7.5,,4,أزرق داكن,,RET-WH-01,5
5041,بنطال,6,1,15,سنة,7.5,,4,أزرق داكن,,RET-WH-01,5
5041,بنطال,6,1,14,سنة,7.5,,4,أزرق داكن,,RET-WH-01,5
5041,بنطال,6,1,13,سنة,7.5,,4,أزرق داكن,,RET-WH-01,5
4006,طقم شورت,1,1,2,سنة,10,,4,فضي,,RET-WH-01,2
4006,طقم شورت,1,1,3,سنة,10,,4,فضي,,RET-WH-01,2
4006,طقم شورت,1,1,4,سنة,10,,4,فضي,,RET-WH-01,2
4006,طقم شورت,1,1,5,سنة,10,,4,فضي,,RET-WH-01,2
4006,طقم شورت,1,1,2,سنة,10,,4,شوكو,,RET-WH-01,2
4006,طقم شورت,1,1,3,سنة,10,,4,شوكو,,RET-WH-01,2
4006,طقم شورت,1,1,4,سنة,10,,4,شوكو,,RET-WH-01,2
4006,طقم شورت,1,1,5,سنة,10,,4,شوكو,,RET-WH-01,2
4006,طقم شورت,1,1,2,سنة,10,,4,زيتي,,RET-WH-01,2
4006,طقم شورت,1,1,3,سنة,10,,4,زيتي,,RET-WH-01,2
4006,طقم شورت,1,1,4,سنة,10,,4,زيتي,,RET-WH-01,2
4006,طقم شورت,1,1,5,سنة,10,,4,زيتي,,RET-WH-01,2
4006,طقم شورت,1,1,2,سنة,10,,4,بني,,RET-WH-01,2
4006,طقم شورت,1,1,3,سنة,10,,4,بني,,RET-WH-01,2
4006,طقم شورت,1,1,4,سنة,10,,4,بني,,RET-WH-01,2
4006,طقم شورت,1,1,5,سنة,10,,4,بني,,RET-WH-01,2
4015,تونز,1,1,6,سنة,7.5,,4,فضي,,RET-WH-01,3
4015,تونز,1,1,8,سنة,7.5,,4,فضي,,RET-WH-01,3
4015,تونز,1,1,10,سنة,7.5,,4,فضي,,RET-WH-01,3
4015,تونز,1,1,12,سنة,7.5,,4,فضي,,RET-WH-01,3
4015,تونز,1,1,6,سنة,7.5,,4,شوكو,,RET-WH-01,3
4015,تونز,1,1,8,سنة,7.5,,4,شوكو,,RET-WH-01,3
4015,تونز,1,1,10,سنة,7.5,,4,شوكو,,RET-WH-01,3
4015,تونز,1,1,12,سنة,7.5,,4,شوكو,,RET-WH-01,3
4015,تونز,1,1,6,سنة,7.5,,4,سمني,,RET-WH-01,3
4015,تونز,1,1,8,سنة,7.5,,4,سمني,,RET-WH-01,3
4015,تونز,1,1,10,سنة,7.5,,4,سمني,,RET-WH-01,3
4015,تونز,1,1,12,سنة,7.5,,4,سمني,,RET-WH-01,3
4015,تونز,1,1,6,سنة,7.5,,4,بني,,RET-WH-01,3
4015,تونز,1,1,8,سنة,7.5,,4,بني,,RET-WH-01,3
4015,تونز,1,1,10,سنة,7.5,,4,بني,,RET-WH-01,3
4015,تونز,1,1,12,سنة,7.5,,4,بني,,RET-WH-01,3
4012,طقم شورت,1,1,2,سنة,10,,4,سمني,,RET-WH-01,3
4012,طقم شورت,1,1,3,سنة,10,,4,سمني,,RET-WH-01,3
4012,طقم شورت,1,1,4,سنة,10,,4,سمني,,RET-WH-01,3
4012,طقم شورت,1,1,5,سنة,10,,4,سمني,,RET-WH-01,3
4012,طقم شورت,1,1,2,سنة,10,,4,بني,,RET-WH-01,2
4012,طقم شورت,1,1,3,سنة,10,,4,بني,,RET-WH-01,2
4012,طقم شورت,1,1,4,سنة,10,,4,بني,,RET-WH-01,2
4012,طقم شورت,1,1,5,سنة,10,,4,بني,,RET-WH-01,2
4012,طقم شورت,1,1,2,سنة,10,,4,اخضر مائي,,RET-WH-01,2
4012,طقم شورت,1,1,3,سنة,10,,4,اخضر مائي,,RET-WH-01,2
4012,طقم شورت,1,1,4,سنة,10,,4,اخضر مائي,,RET-WH-01,2
4012,طقم شورت,1,1,5,سنة,10,,4,اخضر مائي,,RET-WH-01,2
1001,بنطال بوي فريند,2,1,24,شهر,4.6,,4,أزرق فاتح,,RET-WH-01,4
1001,بنطال بوي فريند,2,1,18,شهر,4.6,,4,أزرق فاتح,,RET-WH-01,4
1001,بنطال بوي فريند,2,1,12,شهر,4.6,,4,أزرق فاتح,,RET-WH-01,4
1001,بنطال بوي فريند,2,1,6,شهر,4.6,,4,أزرق فاتح,,RET-WH-01,4
1001,بنطال بوي فريند,2,1,24,شهر,4.6,,4,أزرق داكن,,RET-WH-01,5
1001,بنطال بوي فريند,2,1,18,شهر,4.6,,4,أزرق داكن,,RET-WH-01,5
1001,بنطال بوي فريند,2,1,12,شهر,4.6,,4,أزرق داكن,,RET-WH-01,5
1001,بنطال بوي فريند,2,1,6,شهر,4.6,,4,أزرق داكن,,RET-WH-01,5
1001,بنطال بوي فريند,2,1,5,سنة,5,,4,أزرق فاتح,,RET-WH-01,3
1001,بنطال بوي فريند,2,1,4,سنة,5,,4,أزرق فاتح,,RET-WH-01,3
1001,بنطال بوي فريند,2,1,3,سنة,5,,4,أزرق فاتح,,RET-WH-01,3
1001,بنطال بوي فريند,2,1,2,سنة,5,,4,أزرق فاتح,,RET-WH-01,3
1001,بنطال بوي فريند,2,1,5,سنة,5,,4,أزرق داكن,,RET-WH-01,3
1001,بنطال بوي فريند,2,1,4,سنة,5,,4,أزرق داكن,,RET-WH-01,3
1001,بنطال بوي فريند,2,1,3,سنة,5,,4,أزرق داكن,,RET-WH-01,3
1001,بنطال بوي فريند,2,1,2,سنة,5,,4,أزرق داكن,,RET-WH-01,3
1065,بنطال كلاسيك,2,1,8,سنة,5,,4,أسود,,RET-WH-01,3
1065,بنطال كلاسيك,2,1,7,سنة,5,,4,أسود,,RET-WH-01,3
1065,بنطال كلاسيك,2,1,6,سنة,5,,4,أسود,,RET-WH-01,3
1065,بنطال كلاسيك,2,1,5,سنة,5,,4,أسود,,RET-WH-01,3
1065,بنطال كلاسيك,2,1,8,سنة,5,,4,أزرق وسط,,RET-WH-01,2
1065,بنطال كلاسيك,2,1,7,سنة,5,,4,أزرق وسط,,RET-WH-01,2
1065,بنطال كلاسيك,2,1,6,سنة,5,,4,أزرق وسط,,RET-WH-01,2
1065,بنطال كلاسيك,2,1,5,سنة,5,,4,أزرق وسط,,RET-WH-01,2
1065,بنطال كلاسيك,2,1,8,سنة,5,,4,أزرق فاتح,,RET-WH-01,2
1065,بنطال كلاسيك,2,1,7,سنة,5,,4,أزرق فاتح,,RET-WH-01,2
1065,بنطال كلاسيك,2,1,6,سنة,5,,4,أزرق فاتح,,RET-WH-01,2
1065,بنطال كلاسيك,2,1,5,سنة,5,,4,أزرق فاتح,,RET-WH-01,2
1065,بنطال كلاسيك,2,1,12,سنة,5.6,,4,أسود,,RET-WH-01,4
1065,بنطال كلاسيك,2,1,11,سنة,5.6,,4,أسود,,RET-WH-01,4
1065,بنطال كلاسيك,2,1,10,سنة,5.6,,4,أسود,,RET-WH-01,4
1065,بنطال كلاسيك,2,1,9,سنة,5.6,,4,أسود,,RET-WH-01,4
1065,بنطال كلاسيك,2,1,12,سنة,5.6,,4,أزرق وسط,,RET-WH-01,2
1065,بنطال كلاسيك,2,1,11,سنة,5.6,,4,أزرق وسط,,RET-WH-01,2
1065,بنطال كلاسيك,2,1,10,سنة,5.6,,4,أزرق وسط,,RET-WH-01,2
1065,بنطال كلاسيك,2,1,9,سنة,5.6,,4,أزرق وسط,,RET-WH-01,2
1065,بنطال كلاسيك,2,1,12,سنة,5.6,,4,أزرق فاتح,,RET-WH-01,1
1065,بنطال كلاسيك,2,1,11,سنة,5.6,,4,أزرق فاتح,,RET-WH-01,1
1065,بنطال كلاسيك,2,1,10,سنة,5.6,,4,أزرق فاتح,,RET-WH-01,1
1065,بنطال كلاسيك,2,1,9,سنة,5.6,,4,أزرق فاتح,,RET-WH-01,1
1065,بنطال كلاسيك,2,1,16,سنة,6.2,,4,أسود,,RET-WH-01,4
1065,بنطال كلاسيك,2,1,15,سنة,6.2,,4,أسود,,RET-WH-01,4
1065,بنطال كلاسيك,2,1,14,سنة,6.2,,4,أسود,,RET-WH-01,4
1065,بنطال كلاسيك,2,1,13,سنة,6.2,,4,أسود,,RET-WH-01,4
1065,بنطال كلاسيك,2,1,16,سنة,6.2,,4,أزرق وسط,,RET-WH-01,1
1065,بنطال كلاسيك,2,1,15,سنة,6.2,,4,أزرق وسط,,RET-WH-01,1
1065,بنطال كلاسيك,2,1,14,سنة,6.2,,4,أزرق وسط,,RET-WH-01,1
1065,بنطال كلاسيك,2,1,13,سنة,6.2,,4,أزرق وسط,,RET-WH-01,1
1065,بنطال كلاسيك,2,1,16,سنة,6.2,,4,أزرق فاتح,,RET-WH-01,3
1065,بنطال كلاسيك,2,1,15,سنة,6.2,,4,أزرق فاتح,,RET-WH-01,3
1065,بنطال كلاسيك,2,1,14,سنة,6.2,,4,أزرق فاتح,,RET-WH-01,3
1065,بنطال كلاسيك,2,1,13,سنة,6.2,,4,أزرق فاتح,,RET-WH-01,3
5075,بنطال اسبنيولي,6,1,8,سنة,5,,4,ثلجي,,RET-WH-01,4
5075,بنطال اسبنيولي,6,1,7,سنة,5,,4,ثلجي,,RET-WH-01,4
5075,بنطال اسبنيولي,6,1,6,سنة,5,,4,ثلجي,,RET-WH-01,4
5075,بنطال اسبنيولي,6,1,5,سنة,5,,4,ثلجي,,RET-WH-01,4
5075,بنطال اسبنيولي,6,1,12,سنة,5.6,,4,ثلجي,,RET-WH-01,3
5075,بنطال اسبنيولي,6,1,11,سنة,5.6,,4,ثلجي,,RET-WH-01,3
5075,بنطال اسبنيولي,6,1,10,سنة,5.6,,4,ثلجي,,RET-WH-01,3
5075,بنطال اسبنيولي,6,1,9,سنة,5.6,,4,ثلجي,,RET-WH-01,3
5075,بنطال اسبنيولي,6,1,16,سنة,6,,4,ثلجي,,RET-WH-01,4
5075,بنطال اسبنيولي,6,1,15,سنة,6,,4,ثلجي,,RET-WH-01,4
5075,بنطال اسبنيولي,6,1,14,سنة,6,,4,ثلجي,,RET-WH-01,4
5075,بنطال اسبنيولي,6,1,13,سنة,6,,4,ثلجي,,RET-WH-01,4
5044,بنطال اسبنيولي,6,1,8,سنة,5.4,,4,أزرق فاتح,,RET-WH-01,4
5044,بنطال اسبنيولي,6,1,7,سنة,5.4,,4,أزرق فاتح,,RET-WH-01,4
5044,بنطال اسبنيولي,6,1,6,سنة,5.4,,4,أزرق فاتح,,RET-WH-01,4
5044,بنطال اسبنيولي,6,1,5,سنة,5.4,,4,أزرق فاتح,,RET-WH-01,4
5044,بنطال اسبنيولي,6,1,8,سنة,5.4,,4,أزرق داكن,,RET-WH-01,4
5044,بنطال اسبنيولي,6,1,7,سنة,5.4,,4,أزرق داكن,,RET-WH-01,4
5044,بنطال اسبنيولي,6,1,6,سنة,5.4,,4,أزرق داكن,,RET-WH-01,4
5044,بنطال اسبنيولي,6,1,5,سنة,5.4,,4,أزرق داكن,,RET-WH-01,4
5044,بنطال اسبنيولي,6,1,12,سنة,6,,4,أزرق فاتح,,RET-WH-01,2
5044,بنطال اسبنيولي,6,1,11,سنة,6,,4,أزرق فاتح,,RET-WH-01,2
5044,بنطال اسبنيولي,6,1,10,سنة,6,,4,أزرق فاتح,,RET-WH-01,2
5044,بنطال اسبنيولي,6,1,9,سنة,6,,4,أزرق فاتح,,RET-WH-01,2
5044,بنطال اسبنيولي,6,1,12,سنة,6,,4,أزرق داكن,,RET-WH-01,4
5044,بنطال اسبنيولي,6,1,11,سنة,6,,4,أزرق داكن,,RET-WH-01,4
5044,بنطال اسبنيولي,6,1,10,سنة,6,,4,أزرق داكن,,RET-WH-01,4
5044,بنطال اسبنيولي,6,1,9,سنة,6,,4,أزرق داكن,,RET-WH-01,4
5044,بنطال اسبنيولي,6,1,16,سنة,6.75,,4,أزرق فاتح,,RET-WH-01,3
5044,بنطال اسبنيولي,6,1,15,سنة,6.75,,4,أزرق فاتح,,RET-WH-01,3
5044,بنطال اسبنيولي,6,1,14,سنة,6.75,,4,أزرق فاتح,,RET-WH-01,3
5044,بنطال اسبنيولي,6,1,13,سنة,6.75,,4,أزرق فاتح,,RET-WH-01,3
5044,بنطال اسبنيولي,6,1,16,سنة,6.75,,4,أزرق داكن,,RET-WH-01,4
5044,بنطال اسبنيولي,6,1,15,سنة,6.75,,4,أزرق داكن,,RET-WH-01,4
5044,بنطال اسبنيولي,6,1,14,سنة,6.75,,4,أزرق داكن,,RET-WH-01,4
5044,بنطال اسبنيولي,6,1,13,سنة,6.75,,4,أزرق داكن,,RET-WH-01,4
5070,بنطال بوي فريند,6,1,5,سنة,5.25,,4,أزرق فاتح,,RET-WH-01,4
5070,بنطال بوي فريند,6,1,4,سنة,5.25,,4,أزرق فاتح,,RET-WH-01,4
5070,بنطال بوي فريند,6,1,3,سنة,5.25,,4,أزرق فاتح,,RET-WH-01,4
5070,بنطال بوي فريند,6,1,2,سنة,5.25,,4,أزرق فاتح,,RET-WH-01,4
5070,بنطال بوي فريند,6,1,5,سنة,5.25,,4,أزرق داكن,,RET-WH-01,5
5070,بنطال بوي فريند,6,1,4,سنة,5.25,,4,أزرق داكن,,RET-WH-01,5
5070,بنطال بوي فريند,6,1,3,سنة,5.25,,4,أزرق داكن,,RET-WH-01,5
5070,بنطال بوي فريند,6,1,2,سنة,5.25,,4,أزرق داكن,,RET-WH-01,5
5070,بنطال بوي فريند,6,1,10,سنة,5.85,,5,أزرق فاتح,,RET-WH-01,3
5070,بنطال بوي فريند,6,1,9,سنة,5.85,,5,أزرق فاتح,,RET-WH-01,3
5070,بنطال بوي فريند,6,1,8,سنة,5.85,,5,أزرق فاتح,,RET-WH-01,3
5070,بنطال بوي فريند,6,1,7,سنة,5.85,,5,أزرق فاتح,,RET-WH-01,3
5070,بنطال بوي فريند,6,1,6,سنة,5.85,,5,أزرق فاتح,,RET-WH-01,3
5070,بنطال بوي فريند,6,1,10,سنة,5.85,,5,أزرق داكن,,RET-WH-01,3
5070,بنطال بوي فريند,6,1,9,سنة,5.85,,5,أزرق داكن,,RET-WH-01,3
5070,بنطال بوي فريند,6,1,8,سنة,5.85,,5,أزرق داكن,,RET-WH-01,3
5070,بنطال بوي فريند,6,1,7,سنة,5.85,,5,أزرق داكن,,RET-WH-01,3
5070,بنطال بوي فريند,6,1,6,سنة,5.85,,5,أزرق داكن,,RET-WH-01,3
4013,طقم شورت,1,1,2,سنة,10,,4,سمني,,RET-WH-01,2
4013,طقم شورت,1,1,3,سنة,10,,4,سمني,,RET-WH-01,2
4013,طقم شورت,1,1,4,سنة,10,,4,سمني,,RET-WH-01,2
4013,طقم شورت,1,1,5,سنة,10,,4,سمني,,RET-WH-01,2
4013,طقم شورت,1,1,2,سنة,10,,4,بني,,RET-WH-01,2
4013,طقم شورت,1,1,3,سنة,10,,4,بني,,RET-WH-01,2
4013,طقم شورت,1,1,4,سنة,10,,4,بني,,RET-WH-01,2
4013,طقم شورت,1,1,5,سنة,10,,4,بني,,RET-WH-01,2
4013,طقم شورت,1,1,2,سنة,10,,4,اخضر مائي,,RET-WH-01,2
4013,طقم شورت,1,1,3,سنة,10,,4,اخضر مائي,,RET-WH-01,2
4013,طقم شورت,1,1,4,سنة,10,,4,اخضر مائي,,RET-WH-01,2
4013,طقم شورت,1,1,5,سنة,10,,4,اخضر مائي,,RET-WH-01,2
1070,بوي فريند,2,1,5,سنة,5.15,,4,أزرق فاتح,,RET-WH-01,5
1070,بوي فريند,2,1,4,سنة,5.15,,4,أزرق فاتح,,RET-WH-01,5
1070,بوي فريند,2,1,3,سنة,5.15,,4,أزرق فاتح,,RET-WH-01,5
1070,بوي فريند,2,1,2,سنة,5.15,,4,أزرق فاتح,,RET-WH-01,5
1070,بوي فريند,2,1,5,سنة,5.15,,4,أزرق داكن,,RET-WH-01,12
1070,بوي فريند,2,1,4,سنة,5.15,,4,أزرق داكن,,RET-WH-01,12
1070,بوي فريند,2,1,3,سنة,5.15,,4,أزرق داكن,,RET-WH-01,12
1070,بوي فريند,2,1,2,سنة,5.15,,4,أزرق داكن,,RET-WH-01,12
1070,بوي فريند,2,1,10,سنة,5.9,,5,أزرق فاتح,,RET-WH-01,4
1070,بوي فريند,2,1,9,سنة,5.9,,5,أزرق فاتح,,RET-WH-01,4
1070,بوي فريند,2,1,8,سنة,5.9,,5,أزرق فاتح,,RET-WH-01,4
1070,بوي فريند,2,1,7,سنة,5.9,,5,أزرق فاتح,,RET-WH-01,4
1070,بوي فريند,2,1,6,سنة,5.9,,5,أزرق فاتح,,RET-WH-01,4
1070,بوي فريند,2,1,10,سنة,5.9,,5,أزرق داكن,,RET-WH-01,1
1070,بوي فريند,2,1,9,سنة,5.9,,5,أزرق داكن,,RET-WH-01,1
1070,بوي فريند,2,1,8,سنة,5.9,,5,أزرق داكن,,RET-WH-01,1
1070,بوي فريند,2,1,7,سنة,5.9,,5,أزرق داكن,,RET-WH-01,1
1070,بوي فريند,2,1,6,سنة,5.9,,5,أزرق داكن,,RET-WH-01,1
1070,بوي فريند,2,1,15,سنة,6.9,,5,أزرق فاتح,,RET-WH-01,7
1070,بوي فريند,2,1,14,سنة,6.9,,5,أزرق فاتح,,RET-WH-01,7
1070,بوي فريند,2,1,13,سنة,6.9,,5,أزرق فاتح,,RET-WH-01,7
1070,بوي فريند,2,1,12,سنة,6.9,,5,أزرق فاتح,,RET-WH-01,7
1070,بوي فريند,2,1,11,سنة,6.9,,5,أزرق فاتح,,RET-WH-01,7
1070,بوي فريند,2,1,15,سنة,6.9,,5,أزرق داكن,,RET-WH-01,5
1070,بوي فريند,2,1,14,سنة,6.9,,5,أزرق داكن,,RET-WH-01,5
1070,بوي فريند,2,1,13,سنة,6.9,,5,أزرق داكن,,RET-WH-01,5
1070,بوي فريند,2,1,12,سنة,6.9,,5,أزرق داكن,,RET-WH-01,5
1070,بوي فريند,2,1,11,سنة,6.9,,5,أزرق داكن,,RET-WH-01,5
5052,بنطال اسبنيولي,6,1,8,سنة,6,,4,أزرق فاتح,,RET-WH-01,4
5052,بنطال اسبنيولي,6,1,7,سنة,6,,4,أزرق فاتح,,RET-WH-01,4
5052,بنطال اسبنيولي,6,1,6,سنة,6,,4,أزرق فاتح,,RET-WH-01,4
5052,بنطال اسبنيولي,6,1,5,سنة,6,,4,أزرق فاتح,,RET-WH-01,4
5052,بنطال اسبنيولي,6,1,8,سنة,6,,4,أزرق داكن,,RET-WH-01,5
5052,بنطال اسبنيولي,6,1,7,سنة,6,,4,أزرق داكن,,RET-WH-01,5
5052,بنطال اسبنيولي,6,1,6,سنة,6,,4,أزرق داكن,,RET-WH-01,5
5052,بنطال اسبنيولي,6,1,5,سنة,6,,4,أزرق داكن,,RET-WH-01,5
5052,بنطال اسبنيولي,6,1,12,سنة,6.7,,4,أزرق فاتح,,RET-WH-01,4
5052,بنطال اسبنيولي,6,1,11,سنة,6.7,,4,أزرق فاتح,,RET-WH-01,4
5052,بنطال اسبنيولي,6,1,10,سنة,6.7,,4,أزرق فاتح,,RET-WH-01,4
5052,بنطال اسبنيولي,6,1,9,سنة,6.7,,4,أزرق فاتح,,RET-WH-01,4
5052,بنطال اسبنيولي,6,1,12,سنة,6.7,,4,أزرق داكن,,RET-WH-01,4
5052,بنطال اسبنيولي,6,1,11,سنة,6.7,,4,أزرق داكن,,RET-WH-01,4
5052,بنطال اسبنيولي,6,1,10,سنة,6.7,,4,أزرق داكن,,RET-WH-01,4
5052,بنطال اسبنيولي,6,1,9,سنة,6.7,,4,أزرق داكن,,RET-WH-01,4
5069,بوي فريند,6,1,5,سنة,5.15,,4,أزرق وسط,,RET-WH-01,3
5069,بوي فريند,6,1,4,سنة,5.15,,4,أزرق وسط,,RET-WH-01,3
5069,بوي فريند,6,1,3,سنة,5.15,,4,أزرق وسط,,RET-WH-01,3
5069,بوي فريند,6,1,2,سنة,5.15,,4,أزرق وسط,,RET-WH-01,3
5069,بوي فريند,6,1,5,سنة,5.15,,4,أزرق فاتح,,RET-WH-01,3
5069,بوي فريند,6,1,4,سنة,5.15,,4,أزرق فاتح,,RET-WH-01,3
5069,بوي فريند,6,1,3,سنة,5.15,,4,أزرق فاتح,,RET-WH-01,3
5069,بوي فريند,6,1,2,سنة,5.15,,4,أزرق فاتح,,RET-WH-01,3
5069,بوي فريند,6,1,10,سنة,5.7,,5,أزرق فاتح,,RET-WH-01,3
5069,بوي فريند,6,1,9,سنة,5.7,,5,أزرق فاتح,,RET-WH-01,3
5069,بوي فريند,6,1,8,سنة,5.7,,5,أزرق فاتح,,RET-WH-01,3
5069,بوي فريند,6,1,7,سنة,5.7,,5,أزرق فاتح,,RET-WH-01,3
5069,بوي فريند,6,1,6,سنة,5.7,,5,أزرق فاتح,,RET-WH-01,3
5069,بوي فريند,6,1,15,سنة,6.5,,5,أزرق فاتح,,RET-WH-01,2
5069,بوي فريند,6,1,14,سنة,6.5,,5,أزرق فاتح,,RET-WH-01,2
5069,بوي فريند,6,1,13,سنة,6.5,,5,أزرق فاتح,,RET-WH-01,2
5069,بوي فريند,6,1,12,سنة,6.5,,5,أزرق فاتح,,RET-WH-01,2
5069,بوي فريند,6,1,11,سنة,6.5,,5,أزرق فاتح,,RET-WH-01,2
1040,بوي فريند,2,1,24,شهر,4.6,,4,ديرتي,,RET-WH-01,3
1040,بوي فريند,2,1,18,شهر,4.6,,4,ديرتي,,RET-WH-01,3
1040,بوي فريند,2,1,12,شهر,4.6,,4,ديرتي,,RET-WH-01,3
1040,بوي فريند,2,1,6,شهر,4.6,,4,ديرتي,,RET-WH-01,3
1040,بوي فريند,2,1,24,شهر,4.6,,4,أسود,,RET-WH-01,3
1040,بوي فريند,2,1,18,شهر,4.6,,4,أسود,,RET-WH-01,3
1040,بوي فريند,2,1,12,شهر,4.6,,4,أسود,,RET-WH-01,3
1040,بوي فريند,2,1,6,شهر,4.6,,4,أسود,,RET-WH-01,3
1040,بوي فريند,2,1,24,شهر,4.6,,4,أزرق فاتح,,RET-WH-01,3
1040,بوي فريند,2,1,18,شهر,4.6,,4,أزرق فاتح,,RET-WH-01,3
1040,بوي فريند,2,1,12,شهر,4.6,,4,أزرق فاتح,,RET-WH-01,3
1040,بوي فريند,2,1,6,شهر,4.6,,4,أزرق فاتح,,RET-WH-01,3
1040,بوي فريند,2,1,24,شهر,4.6,,4,أزرق داكن,,RET-WH-01,3
1040,بوي فريند,2,1,18,شهر,4.6,,4,أزرق داكن,,RET-WH-01,3
1040,بوي فريند,2,1,12,شهر,4.6,,4,أزرق داكن,,RET-WH-01,3
1040,بوي فريند,2,1,6,شهر,4.6,,4,أزرق داكن,,RET-WH-01,3
1040,بوي فريند,2,1,5,سنة,5.15,,4,ديرتي,,RET-WH-01,2
1040,بوي فريند,2,1,4,سنة,5.15,,4,ديرتي,,RET-WH-01,2
1040,بوي فريند,2,1,3,سنة,5.15,,4,ديرتي,,RET-WH-01,2
1040,بوي فريند,2,1,2,سنة,5.15,,4,ديرتي,,RET-WH-01,2
1040,بوي فريند,2,1,5,سنة,5.15,,4,أسود,,RET-WH-01,3
1040,بوي فريند,2,1,4,سنة,5.15,,4,أسود,,RET-WH-01,3
1040,بوي فريند,2,1,3,سنة,5.15,,4,أسود,,RET-WH-01,3
1040,بوي فريند,2,1,2,سنة,5.15,,4,أسود,,RET-WH-01,3
1040,بوي فريند,2,1,5,سنة,5.15,,4,أزرق فاتح,,RET-WH-01,3
1040,بوي فريند,2,1,4,سنة,5.15,,4,أزرق فاتح,,RET-WH-01,3
1040,بوي فريند,2,1,3,سنة,5.15,,4,أزرق فاتح,,RET-WH-01,3
1040,بوي فريند,2,1,2,سنة,5.15,,4,أزرق فاتح,,RET-WH-01,3
1040,بوي فريند,2,1,5,سنة,5.15,,4,أزرق داكن,,RET-WH-01,3
1040,بوي فريند,2,1,4,سنة,5.15,,4,أزرق داكن,,RET-WH-01,3
1040,بوي فريند,2,1,3,سنة,5.15,,4,أزرق داكن,,RET-WH-01,3
1040,بوي فريند,2,1,2,سنة,5.15,,4,أزرق داكن,,RET-WH-01,3
1040,بوي فريند,2,1,10,سنة,6.9,,5,ديرتي,,RET-WH-01,3
1040,بوي فريند,2,1,9,سنة,6.9,,5,ديرتي,,RET-WH-01,3
1040,بوي فريند,2,1,8,سنة,6.9,,5,ديرتي,,RET-WH-01,3
1040,بوي فريند,2,1,7,سنة,6.9,,5,ديرتي,,RET-WH-01,3
1040,بوي فريند,2,1,6,سنة,6.9,,5,ديرتي,,RET-WH-01,3
1040,بوي فريند,2,1,10,سنة,6.9,,5,أسود,,RET-WH-01,3
1040,بوي فريند,2,1,9,سنة,6.9,,5,أسود,,RET-WH-01,3
1040,بوي فريند,2,1,8,سنة,6.9,,5,أسود,,RET-WH-01,3
1040,بوي فريند,2,1,7,سنة,6.9,,5,أسود,,RET-WH-01,3
1040,بوي فريند,2,1,6,سنة,6.9,,5,أسود,,RET-WH-01,3
1040,بوي فريند,2,1,10,سنة,6.9,,5,أزرق فاتح,,RET-WH-01,2
1040,بوي فريند,2,1,9,سنة,6.9,,5,أزرق فاتح,,RET-WH-01,2
1040,بوي فريند,2,1,8,سنة,6.9,,5,أزرق فاتح,,RET-WH-01,2
1040,بوي فريند,2,1,7,سنة,6.9,,5,أزرق فاتح,,RET-WH-01,2
1040,بوي فريند,2,1,6,سنة,6.9,,5,أزرق فاتح,,RET-WH-01,2
1040,بوي فريند,2,1,10,سنة,6.9,,5,أزرق داكن,,RET-WH-01,3
1040,بوي فريند,2,1,9,سنة,6.9,,5,أزرق داكن,,RET-WH-01,3
1040,بوي فريند,2,1,8,سنة,6.9,,5,أزرق داكن,,RET-WH-01,3
1040,بوي فريند,2,1,7,سنة,6.9,,5,أزرق داكن,,RET-WH-01,3
1040,بوي فريند,2,1,6,سنة,6.9,,5,أزرق داكن,,RET-WH-01,3
1063,بنطال كلاسيك,2,1,4,سنة,4.43,,4,أسود,,RET-WH-01,4
1063,بنطال كلاسيك,2,1,3,سنة,4.43,,4,أسود,,RET-WH-01,4
1063,بنطال كلاسيك,2,1,2,سنة,4.43,,4,أسود,,RET-WH-01,4
1063,بنطال كلاسيك,2,1,1,سنة,4.43,,4,أسود,,RET-WH-01,4
1063,بنطال كلاسيك,2,1,4,سنة,4.43,,4,أزرق فاتح,,RET-WH-01,4
1063,بنطال كلاسيك,2,1,3,سنة,4.43,,4,أزرق فاتح,,RET-WH-01,4
1063,بنطال كلاسيك,2,1,2,سنة,4.43,,4,أزرق فاتح,,RET-WH-01,4
1063,بنطال كلاسيك,2,1,1,سنة,4.43,,4,أزرق فاتح,,RET-WH-01,4
1063,بنطال كلاسيك,2,1,4,سنة,4.43,,4,أزرق داكن,,RET-WH-01,4
1063,بنطال كلاسيك,2,1,3,سنة,4.43,,4,أزرق داكن,,RET-WH-01,4
1063,بنطال كلاسيك,2,1,2,سنة,4.43,,4,أزرق داكن,,RET-WH-01,4
1063,بنطال كلاسيك,2,1,1,سنة,4.43,,4,أزرق داكن,,RET-WH-01,4
1063,بنطال كلاسيك,2,1,8,سنة,5,,4,أسود,,RET-WH-01,3
1063,بنطال كلاسيك,2,1,7,سنة,5,,4,أسود,,RET-WH-01,3
1063,بنطال كلاسيك,2,1,6,سنة,5,,4,أسود,,RET-WH-01,3
1063,بنطال كلاسيك,2,1,5,سنة,5,,4,أسود,,RET-WH-01,3
1063,بنطال كلاسيك,2,1,8,سنة,5,,4,أزرق فاتح,,RET-WH-01,3
1063,بنطال كلاسيك,2,1,7,سنة,5,,4,أزرق فاتح,,RET-WH-01,3
1063,بنطال كلاسيك,2,1,6,سنة,5,,4,أزرق فاتح,,RET-WH-01,3
1063,بنطال كلاسيك,2,1,5,سنة,5,,4,أزرق فاتح,,RET-WH-01,3
1063,بنطال كلاسيك,2,1,8,سنة,5,,4,أزرق داكن,,RET-WH-01,2
1063,بنطال كلاسيك,2,1,7,سنة,5,,4,أزرق داكن,,RET-WH-01,2
1063,بنطال كلاسيك,2,1,6,سنة,5,,4,أزرق داكن,,RET-WH-01,2
1063,بنطال كلاسيك,2,1,5,سنة,5,,4,أزرق داكن,,RET-WH-01,2
1063,بنطال كلاسيك,2,1,12,سنة,5.65,,4,أسود,,RET-WH-01,3
1063,بنطال كلاسيك,2,1,11,سنة,5.65,,4,أسود,,RET-WH-01,3
1063,بنطال كلاسيك,2,1,10,سنة,5.65,,4,أسود,,RET-WH-01,3
1063,بنطال كلاسيك,2,1,9,سنة,5.65,,4,أسود,,RET-WH-01,3
1063,بنطال كلاسيك,2,1,12,سنة,5.65,,4,أزرق فاتح,,RET-WH-01,3
1063,بنطال كلاسيك,2,1,11,سنة,5.65,,4,أزرق فاتح,,RET-WH-01,3
1063,بنطال كلاسيك,2,1,10,سنة,5.65,,4,أزرق فاتح,,RET-WH-01,3
1063,بنطال كلاسيك,2,1,9,سنة,5.65,,4,أزرق فاتح,,RET-WH-01,3
1063,بنطال كلاسيك,2,1,12,سنة,5.65,,4,أزرق داكن,,RET-WH-01,3
1063,بنطال كلاسيك,2,1,11,سنة,5.65,,4,أزرق داكن,,RET-WH-01,3
1063,بنطال كلاسيك,2,1,10,سنة,5.65,,4,أزرق داكن,,RET-WH-01,3
1063,بنطال كلاسيك,2,1,9,سنة,5.65,,4,أزرق داكن,,RET-WH-01,3
1063,بنطال كلاسيك,2,1,16,سنة,6.2,,4,أسود,,RET-WH-01,3
1063,بنطال كلاسيك,2,1,15,سنة,6.2,,4,أسود,,RET-WH-01,3
1063,بنطال كلاسيك,2,1,14,سنة,6.2,,4,أسود,,RET-WH-01,3
1063,بنطال كلاسيك,2,1,13,سنة,6.2,,4,أسود,,RET-WH-01,3
1063,بنطال كلاسيك,2,1,16,سنة,6.2,,4,أزرق فاتح,,RET-WH-01,3
1063,بنطال كلاسيك,2,1,15,سنة,6.2,,4,أزرق فاتح,,RET-WH-01,3
1063,بنطال كلاسيك,2,1,14,سنة,6.2,,4,أزرق فاتح,,RET-WH-01,3
1063,بنطال كلاسيك,2,1,13,سنة,6.2,,4,أزرق فاتح,,RET-WH-01,3
1063,بنطال كلاسيك,2,1,16,سنة,6.2,,4,أزرق داكن,,RET-WH-01,3
1063,بنطال كلاسيك,2,1,15,سنة,6.2,,4,أزرق داكن,,RET-WH-01,3
1063,بنطال كلاسيك,2,1,14,سنة,6.2,,4,أزرق داكن,,RET-WH-01,3
1063,بنطال كلاسيك,2,1,13,سنة,6.2,,4,أزرق داكن,,RET-WH-01,3
5050,بنطال اسبنيولي,6,1,8,سنة,5.5,,4,أزرق فاتح,,RET-WH-01,1
5050,بنطال اسبنيولي,6,1,7,سنة,5.5,,4,أزرق فاتح,,RET-WH-01,1
5050,بنطال اسبنيولي,6,1,6,سنة,5.5,,4,أزرق فاتح,,RET-WH-01,1
5050,بنطال اسبنيولي,6,1,5,سنة,5.5,,4,أزرق فاتح,,RET-WH-01,1
5050,بنطال اسبنيولي,6,1,8,سنة,5.5,,4,أزرق داكن,,RET-WH-01,4
5050,بنطال اسبنيولي,6,1,7,سنة,5.5,,4,أزرق داكن,,RET-WH-01,4
5050,بنطال اسبنيولي,6,1,6,سنة,5.5,,4,أزرق داكن,,RET-WH-01,4
5050,بنطال اسبنيولي,6,1,5,سنة,5.5,,4,أزرق داكن,,RET-WH-01,4
5050,بنطال اسبنيولي,6,1,12,سنة,6,,4,أزرق فاتح,,RET-WH-01,1
5050,بنطال اسبنيولي,6,1,11,سنة,6,,4,أزرق فاتح,,RET-WH-01,1
5050,بنطال اسبنيولي,6,1,10,سنة,6,,4,أزرق فاتح,,RET-WH-01,1
5050,بنطال اسبنيولي,6,1,9,سنة,6,,4,أزرق فاتح,,RET-WH-01,1
5050,بنطال اسبنيولي,6,1,12,سنة,6,,4,أزرق داكن,,RET-WH-01,2
5050,بنطال اسبنيولي,6,1,11,سنة,6,,4,أزرق داكن,,RET-WH-01,2
5050,بنطال اسبنيولي,6,1,10,سنة,6,,4,أزرق داكن,,RET-WH-01,2
5050,بنطال اسبنيولي,6,1,9,سنة,6,,4,أزرق داكن,,RET-WH-01,2
1076,بوي فريند,2,1,5,سنة,5.12,,4,أسود,,RET-WH-01,1
1076,بوي فريند,2,1,4,سنة,5.12,,4,أسود,,RET-WH-01,1
1076,بوي فريند,2,1,3,سنة,5.12,,4,أسود,,RET-WH-01,1
1076,بوي فريند,2,1,2,سنة,5.12,,4,أسود,,RET-WH-01,1
1076,بوي فريند,2,1,5,سنة,5.12,,4,أزرق فاتح,,RET-WH-01,1
1076,بوي فريند,2,1,4,سنة,5.12,,4,أزرق فاتح,,RET-WH-01,1
1076,بوي فريند,2,1,3,سنة,5.12,,4,أزرق فاتح,,RET-WH-01,1
1076,بوي فريند,2,1,2,سنة,5.12,,4,أزرق فاتح,,RET-WH-01,1
1076,بوي فريند,2,1,5,سنة,5.12,,4,أزرق داكن,,RET-WH-01,10
1076,بوي فريند,2,1,4,سنة,5.12,,4,أزرق داكن,,RET-WH-01,10
1076,بوي فريند,2,1,3,سنة,5.12,,4,أزرق داكن,,RET-WH-01,10
1076,بوي فريند,2,1,2,سنة,5.12,,4,أزرق داكن,,RET-WH-01,10
1076,بوي فريند,2,1,10,سنة,5.9,,5,أسود,,RET-WH-01,2
1076,بوي فريند,2,1,9,سنة,5.9,,5,أسود,,RET-WH-01,2
1076,بوي فريند,2,1,8,سنة,5.9,,5,أسود,,RET-WH-01,2
1076,بوي فريند,2,1,7,سنة,5.9,,5,أسود,,RET-WH-01,2
1076,بوي فريند,2,1,6,سنة,5.9,,5,أسود,,RET-WH-01,2
1076,بوي فريند,2,1,15,سنة,6.85,,5,أسود,,RET-WH-01,4
1076,بوي فريند,2,1,14,سنة,6.85,,5,أسود,,RET-WH-01,4
1076,بوي فريند,2,1,13,سنة,6.85,,5,أسود,,RET-WH-01,4
1076,بوي فريند,2,1,12,سنة,6.85,,5,أسود,,RET-WH-01,4
1076,بوي فريند,2,1,11,سنة,6.85,,5,أسود,,RET-WH-01,4
1076,بوي فريند,2,1,15,سنة,6.85,,5,أزرق فاتح,,RET-WH-01,1
1076,بوي فريند,2,1,14,سنة,6.85,,5,أزرق فاتح,,RET-WH-01,1
1076,بوي فريند,2,1,13,سنة,6.85,,5,أزرق فاتح,,RET-WH-01,1
1076,بوي فريند,2,1,12,سنة,6.85,,5,أزرق فاتح,,RET-WH-01,1
1076,بوي فريند,2,1,11,سنة,6.85,,5,أزرق فاتح,,RET-WH-01,1
1076,بوي فريند,2,1,15,سنة,6.85,,5,أزرق داكن,,RET-WH-01,3
1076,بوي فريند,2,1,14,سنة,6.85,,5,أزرق داكن,,RET-WH-01,3
1076,بوي فريند,2,1,13,سنة,6.85,,5,أزرق داكن,,RET-WH-01,3
1076,بوي فريند,2,1,12,سنة,6.85,,5,أزرق داكن,,RET-WH-01,3
1076,بوي فريند,2,1,11,سنة,6.85,,5,أزرق داكن,,RET-WH-01,3
5057,بنطال اسبنيولي مارينز,6,1,8,سنة,5.3,,4,أزرق فاتح,,RET-WH-01,5
5057,بنطال اسبنيولي مارينز,6,1,7,سنة,5.3,,4,أزرق فاتح,,RET-WH-01,5
5057,بنطال اسبنيولي مارينز,6,1,6,سنة,5.3,,4,أزرق فاتح,,RET-WH-01,5
5057,بنطال اسبنيولي مارينز,6,1,5,سنة,5.3,,4,أزرق فاتح,,RET-WH-01,5
5057,بنطال اسبنيولي مارينز,6,1,8,سنة,5.3,,4,أزرق داكن,,RET-WH-01,5
5057,بنطال اسبنيولي مارينز,6,1,7,سنة,5.3,,4,أزرق داكن,,RET-WH-01,5
5057,بنطال اسبنيولي مارينز,6,1,6,سنة,5.3,,4,أزرق داكن,,RET-WH-01,5
5057,بنطال اسبنيولي مارينز,6,1,5,سنة,5.3,,4,أزرق داكن,,RET-WH-01,5
5057,بنطال اسبنيولي مارينز,6,1,12,سنة,6.1,,4,أزرق فاتح,,RET-WH-01,4
5057,بنطال اسبنيولي مارينز,6,1,11,سنة,6.1,,4,أزرق فاتح,,RET-WH-01,4
5057,بنطال اسبنيولي مارينز,6,1,10,سنة,6.1,,4,أزرق فاتح,,RET-WH-01,4
5057,بنطال اسبنيولي مارينز,6,1,9,سنة,6.1,,4,أزرق فاتح,,RET-WH-01,4
5057,بنطال اسبنيولي مارينز,6,1,12,سنة,6.1,,4,أزرق داكن,,RET-WH-01,4
5057,بنطال اسبنيولي مارينز,6,1,11,سنة,6.1,,4,أزرق داكن,,RET-WH-01,4
5057,بنطال اسبنيولي مارينز,6,1,10,سنة,6.1,,4,أزرق داكن,,RET-WH-01,4
5057,بنطال اسبنيولي مارينز,6,1,9,سنة,6.1,,4,أزرق داكن,,RET-WH-01,4
5057,بنطال اسبنيولي مارينز,6,1,16,سنة,7,,4,أزرق فاتح,,RET-WH-01,4
5057,بنطال اسبنيولي مارينز,6,1,15,سنة,7,,4,أزرق فاتح,,RET-WH-01,4
5057,بنطال اسبنيولي مارينز,6,1,14,سنة,7,,4,أزرق فاتح,,RET-WH-01,4
5057,بنطال اسبنيولي مارينز,6,1,13,سنة,7,,4,أزرق فاتح,,RET-WH-01,4
5057,بنطال اسبنيولي مارينز,6,1,16,سنة,7,,4,أزرق داكن,,RET-WH-01,5
5057,بنطال اسبنيولي مارينز,6,1,15,سنة,7,,4,أزرق داكن,,RET-WH-01,5
5057,بنطال اسبنيولي مارينز,6,1,14,سنة,7,,4,أزرق داكن,,RET-WH-01,5
5057,بنطال اسبنيولي مارينز,6,1,13,سنة,7,,4,أزرق داكن,,RET-WH-01,5
5058,بنطال اسبنيولي,6,1,8,سنة,6.2,,4,أزرق فاتح,,RET-WH-01,7
5058,بنطال اسبنيولي,6,1,7,سنة,6.2,,4,أزرق فاتح,,RET-WH-01,7
5058,بنطال اسبنيولي,6,1,6,سنة,6.2,,4,أزرق فاتح,,RET-WH-01,7
5058,بنطال اسبنيولي,6,1,5,سنة,6.2,,4,أزرق فاتح,,RET-WH-01,7
5058,بنطال اسبنيولي,6,1,8,سنة,6.2,,4,أزرق داكن,,RET-WH-01,7
5058,بنطال اسبنيولي,6,1,7,سنة,6.2,,4,أزرق داكن,,RET-WH-01,7
5058,بنطال اسبنيولي,6,1,6,سنة,6.2,,4,أزرق داكن,,RET-WH-01,7
5058,بنطال اسبنيولي,6,1,5,سنة,6.2,,4,أزرق داكن,,RET-WH-01,7
5058,بنطال اسبنيولي,6,1,12,سنة,7,,4,أزرق فاتح,,RET-WH-01,3
5058,بنطال اسبنيولي,6,1,11,سنة,7,,4,أزرق فاتح,,RET-WH-01,3
5058,بنطال اسبنيولي,6,1,10,سنة,7,,4,أزرق فاتح,,RET-WH-01,3
5058,بنطال اسبنيولي,6,1,9,سنة,7,,4,أزرق فاتح,,RET-WH-01,3
5058,بنطال اسبنيولي,6,1,16,سنة,7.9,,4,أزرق داكن,,RET-WH-01,3
5058,بنطال اسبنيولي,6,1,15,سنة,7.9,,4,أزرق داكن,,RET-WH-01,3
5058,بنطال اسبنيولي,6,1,14,سنة,7.9,,4,أزرق داكن,,RET-WH-01,3
5058,بنطال اسبنيولي,6,1,13,سنة,7.9,,4,أزرق داكن,,RET-WH-01,3
5091,بنطال اسبنيولي,6,1,9,سنة,5,,4,أزرق داكن,,RET-WH-01,3
5091,بنطال اسبنيولي,6,1,8,سنة,5,,4,أزرق داكن,,RET-WH-01,3
5091,بنطال اسبنيولي,6,1,7,سنة,5,,4,أزرق داكن,,RET-WH-01,3
5091,بنطال اسبنيولي,6,1,6,سنة,5,,4,أزرق داكن,,RET-WH-01,3
5091,بنطال اسبنيولي,6,1,12,سنة,5.4,,4,أزرق داكن,,RET-WH-01,2
5091,بنطال اسبنيولي,6,1,11,سنة,5.4,,4,أزرق داكن,,RET-WH-01,2
5091,بنطال اسبنيولي,6,1,10,سنة,5.4,,4,أزرق داكن,,RET-WH-01,2
5091,بنطال اسبنيولي,6,1,9,سنة,5.4,,4,أزرق داكن,,RET-WH-01,2
5085,بنطال اسبنيولي,6,1,8,سنة,5.5,,4,أسود,,RET-WH-01,7
5085,بنطال اسبنيولي,6,1,7,سنة,5.5,,4,أسود,,RET-WH-01,7
5085,بنطال اسبنيولي,6,1,6,سنة,5.5,,4,أسود,,RET-WH-01,7
5085,بنطال اسبنيولي,6,1,5,سنة,5.5,,4,أسود,,RET-WH-01,7
5085,بنطال اسبنيولي,6,1,8,سنة,5.5,,4,أزرق داكن,,RET-WH-01,12
5085,بنطال اسبنيولي,6,1,7,سنة,5.5,,4,أزرق داكن,,RET-WH-01,12
5085,بنطال اسبنيولي,6,1,6,سنة,5.5,,4,أزرق داكن,,RET-WH-01,12
5085,بنطال اسبنيولي,6,1,5,سنة,5.5,,4,أزرق داكن,,RET-WH-01,12
5085,بنطال اسبنيولي,6,1,12,سنة,6.1,,4,أسود,,RET-WH-01,11
5085,بنطال اسبنيولي,6,1,11,سنة,6.1,,4,أسود,,RET-WH-01,11
5085,بنطال اسبنيولي,6,1,10,سنة,6.1,,4,أسود,,RET-WH-01,11
5085,بنطال اسبنيولي,6,1,9,سنة,6.1,,4,أسود,,RET-WH-01,11
5085,بنطال اسبنيولي,6,1,12,سنة,6.1,,4,أزرق داكن,,RET-WH-01,5
5085,بنطال اسبنيولي,6,1,11,سنة,6.1,,4,أزرق داكن,,RET-WH-01,5
5085,بنطال اسبنيولي,6,1,10,سنة,6.1,,4,أزرق داكن,,RET-WH-01,5
5085,بنطال اسبنيولي,6,1,9,سنة,6.1,,4,أزرق داكن,,RET-WH-01,5
5085,بنطال اسبنيولي,6,1,16,سنة,6.85,,4,أسود,,RET-WH-01,9
5085,بنطال اسبنيولي,6,1,15,سنة,6.85,,4,أسود,,RET-WH-01,9
5085,بنطال اسبنيولي,6,1,14,سنة,6.85,,4,أسود,,RET-WH-01,9
5085,بنطال اسبنيولي,6,1,13,سنة,6.85,,4,أسود,,RET-WH-01,9
5085,بنطال اسبنيولي,6,1,16,سنة,6.85,,4,أزرق داكن,,RET-WH-01,2
5085,بنطال اسبنيولي,6,1,15,سنة,6.85,,4,أزرق داكن,,RET-WH-01,2
5085,بنطال اسبنيولي,6,1,14,سنة,6.85,,4,أزرق داكن,,RET-WH-01,2
5085,بنطال اسبنيولي,6,1,13,سنة,6.85,,4,أزرق داكن,,RET-WH-01,2
1123,بنطال كلاسيك أسود,2,1,8,سنة,5,,4,أسود,,RET-WH-01,10
1123,بنطال كلاسيك أسود,2,1,7,سنة,5,,4,أسود,,RET-WH-01,10
1123,بنطال كلاسيك أسود,2,1,6,سنة,5,,4,أسود,,RET-WH-01,10
1123,بنطال كلاسيك أسود,2,1,5,سنة,5,,4,أسود,,RET-WH-01,10
1123,بنطال كلاسيك أسود,2,1,12,سنة,5.65,,4,أسود,,RET-WH-01,10
1123,بنطال كلاسيك أسود,2,1,11,سنة,5.65,,4,أسود,,RET-WH-01,10
1123,بنطال كلاسيك أسود,2,1,10,سنة,5.65,,4,أسود,,RET-WH-01,10
1123,بنطال كلاسيك أسود,2,1,9,سنة,5.65,,4,أسود,,RET-WH-01,10
1123,بنطال كلاسيك أسود,2,1,16,سنة,6.22,,4,أسود,,RET-WH-01,10
1123,بنطال كلاسيك أسود,2,1,15,سنة,6.22,,4,أسود,,RET-WH-01,10
1123,بنطال كلاسيك أسود,2,1,14,سنة,6.22,,4,أسود,,RET-WH-01,10
1123,بنطال كلاسيك أسود,2,1,13,سنة,6.22,,4,أسود,,RET-WH-01,10
1130,بنطال جنز,2,1,8,سنة,5.6,,4,أزرق داكن,,RET-WH-01,6
1130,بنطال جنز,2,1,7,سنة,5.6,,4,أزرق داكن,,RET-WH-01,6
1130,بنطال جنز,2,1,6,سنة,5.6,,4,أزرق داكن,,RET-WH-01,6
1130,بنطال جنز,2,1,5,سنة,5.6,,4,أزرق داكن,,RET-WH-01,6
1130,بنطال جنز,2,1,12,سنة,6.25,,4,أزرق داكن,,RET-WH-01,6
1130,بنطال جنز,2,1,11,سنة,6.25,,4,أزرق داكن,,RET-WH-01,6
1130,بنطال جنز,2,1,10,سنة,6.25,,4,أزرق داكن,,RET-WH-01,6
1130,بنطال جنز,2,1,9,سنة,6.25,,4,أزرق داكن,,RET-WH-01,6
1130,بنطال جنز,2,1,16,سنة,7,,4,أزرق داكن,,RET-WH-01,4
1130,بنطال جنز,2,1,15,سنة,7,,4,أزرق داكن,,RET-WH-01,4
1130,بنطال جنز,2,1,14,سنة,7,,4,أزرق داكن,,RET-WH-01,4
1130,بنطال جنز,2,1,13,سنة,7,,4,أزرق داكن,,RET-WH-01,4
1134,بنطال جنز باكي,2,1,5,سنة,5.87,,4,أزرق وسط,,RET-WH-01,4
1134,بنطال جنز باكي,2,1,6,سنة,5.87,,4,أزرق وسط,,RET-WH-01,4
1134,بنطال جنز باكي,2,1,7,سنة,5.87,,4,أزرق وسط,,RET-WH-01,4
1134,بنطال جنز باكي,2,1,8,سنة,5.87,,4,أزرق وسط,,RET-WH-01,4
1134,بنطال جنز باكي,2,1,5,سنة,5.87,,4,أزرق داكن,,RET-WH-01,4
1134,بنطال جنز باكي,2,1,6,سنة,5.87,,4,أزرق داكن,,RET-WH-01,4
1134,بنطال جنز باكي,2,1,7,سنة,5.87,,4,أزرق داكن,,RET-WH-01,4
1134,بنطال جنز باكي,2,1,8,سنة,5.87,,4,أزرق داكن,,RET-WH-01,4
1134,بنطال جنز باكي,2,1,9,سنة,6.64,,4,أزرق وسط,,RET-WH-01,2
1134,بنطال جنز باكي,2,1,10,سنة,6.64,,4,أزرق وسط,,RET-WH-01,2
1134,بنطال جنز باكي,2,1,11,سنة,6.64,,4,أزرق وسط,,RET-WH-01,2
1134,بنطال جنز باكي,2,1,12,سنة,6.64,,4,أزرق وسط,,RET-WH-01,2
1134,بنطال جنز باكي,2,1,9,سنة,6.64,,4,أزرق داكن,,RET-WH-01,2
1134,بنطال جنز باكي,2,1,10,سنة,6.64,,4,أزرق داكن,,RET-WH-01,2
1134,بنطال جنز باكي,2,1,11,سنة,6.64,,4,أزرق داكن,,RET-WH-01,2
1134,بنطال جنز باكي,2,1,12,سنة,6.64,,4,أزرق داكن,,RET-WH-01,2
1134,بنطال جنز باكي,2,1,13,سنة,7.54,,4,أزرق وسط,,RET-WH-01,3
1134,بنطال جنز باكي,2,1,14,سنة,7.54,,4,أزرق وسط,,RET-WH-01,3
1134,بنطال جنز باكي,2,1,15,سنة,7.54,,4,أزرق وسط,,RET-WH-01,3
1134,بنطال جنز باكي,2,1,16,سنة,7.54,,4,أزرق وسط,,RET-WH-01,3
1134,بنطال جنز باكي,2,1,13,سنة,7.54,,4,أزرق داكن,,RET-WH-01,4
1134,بنطال جنز باكي,2,1,14,سنة,7.54,,4,أزرق داكن,,RET-WH-01,4
1134,بنطال جنز باكي,2,1,15,سنة,7.54,,4,أزرق داكن,,RET-WH-01,4
1134,بنطال جنز باكي,2,1,16,سنة,7.54,,4,أزرق داكن,,RET-WH-01,4
5089,6 اسبنيولي,6,1,5,سنة,5.65,,4,أزرق داكن,,RET-WH-01,2
5089,6 اسبنيولي,6,1,6,سنة,5.65,,4,أزرق داكن,,RET-WH-01,2
5089,6 اسبنيولي,6,1,7,سنة,5.65,,4,أزرق داكن,,RET-WH-01,2
5089,6 اسبنيولي,6,1,8,سنة,5.65,,4,أزرق داكن,,RET-WH-01,2
5089,6 اسبنيولي,6,1,13,سنة,7.2,,4,أزرق داكن,,RET-WH-01,1
5089,6 اسبنيولي,6,1,14,سنة,7.2,,4,أزرق داكن,,RET-WH-01,1
5089,6 اسبنيولي,6,1,15,سنة,7.2,,4,أزرق داكن,,RET-WH-01,1
5089,6 اسبنيولي,6,1,16,سنة,7.2,,4,أزرق داكن,,RET-WH-01,1
5094,بنطال زارا اسبنيولي,6,1,2,سنة,5,,4,أسود,,RET-WH-01,2
5094,بنطال زارا اسبنيولي,6,1,3,سنة,5,,4,أسود,,RET-WH-01,2
5094,بنطال زارا اسبنيولي,6,1,4,سنة,5,,4,أسود,,RET-WH-01,2
5094,بنطال زارا اسبنيولي,6,1,5,سنة,5,,4,أسود,,RET-WH-01,2
5094,بنطال زارا اسبنيولي,6,1,2,سنة,5,,4,أزرق داكن,,RET-WH-01,6
5094,بنطال زارا اسبنيولي,6,1,3,سنة,5,,4,أزرق داكن,,RET-WH-01,6
5094,بنطال زارا اسبنيولي,6,1,4,سنة,5,,4,أزرق داكن,,RET-WH-01,6
5094,بنطال زارا اسبنيولي,6,1,5,سنة,5,,4,أزرق داكن,,RET-WH-01,6
5094,بنطال زارا اسبنيولي,6,1,5,سنة,5.6,,4,أزرق داكن,,RET-WH-01,4
5094,بنطال زارا اسبنيولي,6,1,6,سنة,5.6,,4,أزرق داكن,,RET-WH-01,4
5094,بنطال زارا اسبنيولي,6,1,7,سنة,5.6,,4,أزرق داكن,,RET-WH-01,4
5094,بنطال زارا اسبنيولي,6,1,8,سنة,5.6,,4,أزرق داكن,,RET-WH-01,4
5094,بنطال زارا اسبنيولي,6,1,5,سنة,5.6,,4,أسود,,RET-WH-01,2
5094,بنطال زارا اسبنيولي,6,1,6,سنة,5.6,,4,أسود,,RET-WH-01,2
5094,بنطال زارا اسبنيولي,6,1,7,سنة,5.6,,4,أسود,,RET-WH-01,2
5094,بنطال زارا اسبنيولي,6,1,8,سنة,5.6,,4,أسود,,RET-WH-01,2
5094,بنطال زارا اسبنيولي,6,1,9,سنة,6.1,,4,أزرق داكن,,RET-WH-01,4
5094,بنطال زارا اسبنيولي,6,1,10,سنة,6.1,,4,أزرق داكن,,RET-WH-01,4
5094,بنطال زارا اسبنيولي,6,1,11,سنة,6.1,,4,أزرق داكن,,RET-WH-01,4
5094,بنطال زارا اسبنيولي,6,1,12,سنة,6.1,,4,أزرق داكن,,RET-WH-01,4
5094,بنطال زارا اسبنيولي,6,1,9,سنة,6.1,,4,أسود,,RET-WH-01,2
5094,بنطال زارا اسبنيولي,6,1,10,سنة,6.1,,4,أسود,,RET-WH-01,2
5094,بنطال زارا اسبنيولي,6,1,11,سنة,6.1,,4,أسود,,RET-WH-01,2
5094,بنطال زارا اسبنيولي,6,1,12,سنة,6.1,,4,أسود,,RET-WH-01,2
312,طقم شورت كتان,5,2,2,سنة,11.5,,4,أسود,,RET-WH-01,12
312,طقم شورت كتان,5,2,3,سنة,11.5,,4,أسود,,RET-WH-01,12
312,طقم شورت كتان,5,2,4,سنة,11.5,,4,أسود,,RET-WH-01,12
312,طقم شورت كتان,5,2,5,سنة,11.5,,4,أسود,,RET-WH-01,12
313,طقم شورت كتان,5,2,2,سنة,4.5,,4,أسود,,RET-WH-01,24
313,طقم شورت كتان,5,2,3,سنة,4.5,,4,أسود,,RET-WH-01,24
313,طقم شورت كتان,5,2,4,سنة,4.5,,4,أسود,,RET-WH-01,24
313,طقم شورت كتان,5,2,5,سنة,4.5,,4,أسود,,RET-WH-01,24
314,بلوزة  فل ليكرا,8,2,2,سنة,4.5,,3,أسود,,RET-WH-01,24
314,بلوزة  فل ليكرا,8,2,3,سنة,4.5,,3,أسود,,RET-WH-01,24
314,بلوزة  فل ليكرا,8,2,4,سنة,4.5,,3,أسود,,RET-WH-01,24
419,بلوزة  فل ليكرا,8,2,6,سنة,4.25,,3,أسود,,RET-WH-01,12
419,بلوزة  فل ليكرا,8,2,8,سنة,4.25,,3,أسود,,RET-WH-01,12
419,بلوزة  فل ليكرا,8,2,10,سنة,4.25,,3,أسود,,RET-WH-01,12
418,بلوزة  فل ليكرا,8,2,6,سنة,4.25,,3,أسود,,RET-WH-01,12
418,بلوزة  فل ليكرا,8,2,8,سنة,4.25,,3,أسود,,RET-WH-01,12
418,بلوزة  فل ليكرا,8,2,10,سنة,4.25,,3,أسود,,RET-WH-01,12
57,طقم 3 قطع,1,3,1,سنة,13.5,,4,أسود,,RET-WH-01,16
57,طقم 3 قطع,1,3,2,سنة,13.5,,4,أسود,,RET-WH-01,16
57,طقم 3 قطع,1,3,3,سنة,13.5,,4,أسود,,RET-WH-01,16
57,طقم 3 قطع,1,3,4,سنة,13.5,,4,أسود,,RET-WH-01,16
62,بيجاما,3,3,4,سنة,6.5,,4,أسود,,RET-WH-01,8
62,بيجاما,3,3,5,سنة,6.5,,4,أسود,,RET-WH-01,8
62,بيجاما,3,3,6,سنة,6.5,,4,أسود,,RET-WH-01,8
62,بيجاما,3,3,7,سنة,6.5,,4,أسود,,RET-WH-01,8
8,بيجاما,3,3,6,شهر,5.5,,4,أسود,,RET-WH-01,8
8,بيجاما,3,3,12,شهر,5.5,,4,أسود,,RET-WH-01,8
8,بيجاما,3,3,18,شهر,5.5,,4,أسود,,RET-WH-01,8
8,بيجاما,3,3,24,شهر,5.5,,4,أسود,,RET-WH-01,8
2329,طقم,5,6,2,سنة,9.5,,3,أسود,,RET-WH-01,15
2329,طقم,5,6,3,سنة,9.5,,3,أسود,,RET-WH-01,15
2329,طقم,5,6,4,سنة,9.5,,3,أسود,,RET-WH-01,15
26312,فستان,9,4,3,سنة,13,,6,أسود,,RET-WH-01,6
26312,فستان,9,4,4,سنة,13,,6,أسود,,RET-WH-01,6
26312,فستان,9,4,5,سنة,13,,6,أسود,,RET-WH-01,6
26312,فستان,9,4,6,سنة,13,,6,أسود,,RET-WH-01,6
26312,فستان,9,4,7,سنة,13,,6,أسود,,RET-WH-01,6
26312,فستان,9,4,8,سنة,13,,6,أسود,,RET-WH-01,6
26314,فستان,9,4,3,سنة,13,,6,أسود,,RET-WH-01,6
26314,فستان,9,4,4,سنة,13,,6,أسود,,RET-WH-01,6
26314,فستان,9,4,5,سنة,13,,6,أسود,,RET-WH-01,6
26314,فستان,9,4,6,سنة,13,,6,أسود,,RET-WH-01,6
26314,فستان,9,4,7,سنة,13,,6,أسود,,RET-WH-01,6
26314,فستان,9,4,8,سنة,13,,6,أسود,,RET-WH-01,6
26007,فستان,9,4,1,سنة,10,,4,أسود,,RET-WH-01,4
26007,فستان,9,4,2,سنة,10,,4,أسود,,RET-WH-01,4
26007,فستان,9,4,3,سنة,10,,4,أسود,,RET-WH-01,4
26007,فستان,9,4,4,سنة,10,,4,أسود,,RET-WH-01,4
26009,فستان,9,4,1,سنة,10,,4,أسود,,RET-WH-01,8
26009,فستان,9,4,2,سنة,10,,4,أسود,,RET-WH-01,8
26009,فستان,9,4,3,سنة,10,,4,أسود,,RET-WH-01,8
26009,فستان,9,4,4,سنة,10,,4,أسود,,RET-WH-01,8
26114,فستان,9,4,1,سنة,12,,4,أسود,,RET-WH-01,4
26114,فستان,9,4,2,سنة,12,,4,أسود,,RET-WH-01,4
26114,فستان,9,4,3,سنة,12,,4,أسود,,RET-WH-01,4
26114,فستان,9,4,4,سنة,12,,4,أسود,,RET-WH-01,4
26164,فستان,9,4,1,سنة,12,,4,أسود,,RET-WH-01,4
26164,فستان,9,4,2,سنة,12,,4,أسود,,RET-WH-01,4
26164,فستان,9,4,3,سنة,12,,4,أسود,,RET-WH-01,4
26164,فستان,9,4,4,سنة,12,,4,أسود,,RET-WH-01,4
339,بيجام توفليس كبشون,3,10,12,سنة,12,,3,أسود,,RET-WH-01,3
339,بيجام توفليس كبشون,3,10,14,سنة,12,,3,أسود,,RET-WH-01,3
339,بيجام توفليس كبشون,3,10,16,سنة,12,,3,أسود,,RET-WH-01,3
336,بلوزة توفليس كبشون,4,10,12,سنة,6,,3,أسود,,RET-WH-01,9
336,بلوزة توفليس كبشون,4,10,14,سنة,6,,3,أسود,,RET-WH-01,9
336,بلوزة توفليس كبشون,4,10,16,سنة,6,,3,أسود,,RET-WH-01,9
343,طقم بندكور,1,9,6,سنة,12.5,,4,أسود,,RET-WH-01,16
343,طقم بندكور,1,9,8,سنة,12.5,,4,أسود,,RET-WH-01,16
343,طقم بندكور,1,9,10,سنة,12.5,,4,أسود,,RET-WH-01,16
343,طقم بندكور,1,9,12,سنة,12.5,,4,أسود,,RET-WH-01,16
450,طقم توينز بنتكور,1,9,14,سنة,16.5,,3,أسود,,RET-WH-01,18
450,طقم توينز بنتكور,1,9,16,سنة,16.5,,3,أسود,,RET-WH-01,18
450,طقم توينز بنتكور,1,9,18,سنة,16.5,,3,أسود,,RET-WH-01,18
124,طقم,5,8,2,سنة,13,,4,أسود,,RET-WH-01,16
124,طقم,5,8,3,سنة,13,,4,أسود,,RET-WH-01,16
124,طقم,5,8,4,سنة,13,,4,أسود,,RET-WH-01,16
124,طقم,5,8,5,سنة,13,,4,أسود,,RET-WH-01,16
132,طقم,5,8,2,سنة,13,,4,أسود,,RET-WH-01,16
132,طقم,5,8,3,سنة,13,,4,أسود,,RET-WH-01,16
132,طقم,5,8,4,سنة,13,,4,أسود,,RET-WH-01,16
132,طقم,5,8,5,سنة,13,,4,أسود,,RET-WH-01,16
129,طقم,5,8,2,سنة,13,,4,أسود,,RET-WH-01,16
129,طقم,5,8,3,سنة,13,,4,أسود,,RET-WH-01,16
129,طقم,5,8,4,سنة,13,,4,أسود,,RET-WH-01,16
129,طقم,5,8,5,سنة,13,,4,أسود,,RET-WH-01,16
3451,فستان,9,11,2,سنة,16,,4,أسود,,RET-WH-01,12
3451,فستان,9,11,3,سنة,16,,4,أسود,,RET-WH-01,12
3451,فستان,9,11,4,سنة,16,,4,أسود,,RET-WH-01,12
3451,فستان,9,11,5,سنة,16,,4,أسود,,RET-WH-01,12
3452,فستان,9,11,6,سنة,17,,3,أسود,,RET-WH-01,9
3452,فستان,9,11,8,سنة,17,,3,أسود,,RET-WH-01,9
3452,فستان,9,11,10,سنة,17,,3,أسود,,RET-WH-01,9
3426,فستان,9,11,2,سنة,14,,4,أسود,,RET-WH-01,8
3426,فستان,9,11,3,سنة,14,,4,أسود,,RET-WH-01,8
3426,فستان,9,11,4,سنة,14,,4,أسود,,RET-WH-01,8
3426,فستان,9,11,5,سنة,14,,4,أسود,,RET-WH-01,8
3436,طقم,5,11,2,سنة,13,,4,أسود,,RET-WH-01,8
3436,طقم,5,11,3,سنة,13,,4,أسود,,RET-WH-01,8
3436,طقم,5,11,4,سنة,13,,4,أسود,,RET-WH-01,8
3436,طقم,5,11,5,سنة,13,,4,أسود,,RET-WH-01,8
3437,طقم,5,11,6,سنة,14,,3,أسود,,RET-WH-01,12
3437,طقم,5,11,8,سنة,14,,3,أسود,,RET-WH-01,12
3437,طقم,5,11,10,سنة,14,,3,أسود,,RET-WH-01,12
3438,طقم,5,11,6,سنة,13,,3,أسود,,RET-WH-01,9
3438,طقم,5,11,8,سنة,13,,3,أسود,,RET-WH-01,9
3438,طقم,5,11,10,سنة,13,,3,أسود,,RET-WH-01,9
3432,طقم,5,11,2,سنة,13,,4,أسود,,RET-WH-01,16
3432,طقم,5,11,3,سنة,13,,4,أسود,,RET-WH-01,16
3432,طقم,5,11,4,سنة,13,,4,أسود,,RET-WH-01,16
3432,طقم,5,11,5,سنة,13,,4,أسود,,RET-WH-01,16
814,طقم,5,7,8,سنة,17,,4,أسود,,RET-WH-01,8
814,طقم,5,7,10,سنة,17,,4,أسود,,RET-WH-01,8
814,طقم,5,7,12,سنة,17,,4,أسود,,RET-WH-01,8
814,طقم,5,7,14,سنة,17,,4,أسود,,RET-WH-01,8
1101,طقم,1,7,2,سنة,12,,4,أسود,,RET-WH-01,8
1101,طقم,1,7,3,سنة,12,,4,أسود,,RET-WH-01,8
1101,طقم,1,7,4,سنة,12,,4,أسود,,RET-WH-01,8
1101,طقم,1,7,5,سنة,12,,4,أسود,,RET-WH-01,8
7128,بيجاما,3,7,2,سنة,8.25,,4,أسود,,RET-WH-01,12
7128,بيجاما,3,7,3,سنة,8.25,,4,أسود,,RET-WH-01,12
7128,بيجاما,3,7,4,سنة,8.25,,4,أسود,,RET-WH-01,12
7128,بيجاما,3,7,5,سنة,8.25,,4,أسود,,RET-WH-01,12
7122,بيجاما,7,7,2,سنة,7.5,,4,أسود,,RET-WH-01,12
7122,بيجاما,7,7,3,سنة,7.5,,4,أسود,,RET-WH-01,12
7122,بيجاما,7,7,4,سنة,7.5,,4,أسود,,RET-WH-01,12
7122,بيجاما,7,7,5,سنة,7.5,,4,أسود,,RET-WH-01,12
662,طقم روسيل,5,7,2,سنة,14.5,,3,أسود,,RET-WH-01,12
662,طقم روسيل,5,7,3,سنة,14.5,,3,أسود,,RET-WH-01,12
662,طقم روسيل,5,7,4,سنة,14.5,,3,أسود,,RET-WH-01,12
476,تونز,5,7,3,سنة,10,,3,أسود,,RET-WH-01,12
476,تونز,5,7,4,سنة,10,,3,أسود,,RET-WH-01,12
476,تونز,5,7,5,سنة,10,,3,أسود,,RET-WH-01,12
576,تونز,5,7,6,سنة,11,,4,أسود,,RET-WH-01,16
576,تونز,5,7,8,سنة,11,,4,أسود,,RET-WH-01,16
576,تونز,5,7,10,سنة,11,,4,أسود,,RET-WH-01,16
576,تونز,5,7,12,سنة,11,,4,أسود,,RET-WH-01,16
676,تونز,1,7,12,سنة,12,,3,أسود,,RET-WH-01,12
676,تونز,5,7,14,سنة,12,,3,أسود,,RET-WH-01,12
676,تونز,5,7,16,سنة,12,,3,أسود,,RET-WH-01,12
475,تونز,5,7,3,سنة,10,,3,أسود,,RET-WH-01,12
475,تونز,5,7,4,سنة,10,,3,أسود,,RET-WH-01,12
475,تونز,5,7,5,سنة,10,,3,أسود,,RET-WH-01,12
575,تونز,5,7,6,سنة,11,,4,أسود,,RET-WH-01,16
575,تونز,5,7,8,سنة,11,,4,أسود,,RET-WH-01,16
575,تونز,5,7,10,سنة,11,,4,أسود,,RET-WH-01,16
575,تونز,5,7,12,سنة,11,,4,أسود,,RET-WH-01,16
481,تونز,5,7,3,سنة,10,,3,أسود,,RET-WH-01,12
481,تونز,5,7,4,سنة,10,,3,أسود,,RET-WH-01,12
481,تونز,5,7,5,سنة,10,,3,أسود,,RET-WH-01,12
581,تونز,5,7,6,سنة,11,,4,أسود,,RET-WH-01,16
581,تونز,5,7,8,سنة,11,,4,أسود,,RET-WH-01,16
581,تونز,5,7,10,سنة,11,,4,أسود,,RET-WH-01,16
581,تونز,5,7,12,سنة,11,,4,أسود,,RET-WH-01,16
9040,طقم,1,7,12,سنة,17,,3,أسود,,RET-WH-01,12
9040,طقم,1,7,14,سنة,17,,3,أسود,,RET-WH-01,12
9040,طقم,1,7,16,سنة,17,,3,أسود,,RET-WH-01,12
11,فستان جود,9,7,3,سنة,16,,3,أسود,,RET-WH-01,9
11,فستان جود,9,7,4,سنة,16,,3,أسود,,RET-WH-01,9
11,فستان جود,9,7,5,سنة,16,,3,أسود,,RET-WH-01,9
1201,طقم,5,7,6,سنة,13,,3,أسود,,RET-WH-01,12
1201,طقم,5,7,8,سنة,13,,3,أسود,,RET-WH-01,12
1201,طقم,5,7,10,سنة,13,,3,أسود,,RET-WH-01,12
504,طقم,1,7,12,سنة,15.5,,3,أسود,,RET-WH-01,12
504,طقم,1,7,14,سنة,15.5,,3,أسود,,RET-WH-01,12
504,طقم,1,7,16,سنة,15.5,,3,أسود,,RET-WH-01,12
